Compound,Date,Negative,Neutral,Positive,Text,Tweets Ago,User
0.0,Tue Mar 20 19:03:04 +0000 2018,0.0,1.0,0.0,"Michael Portillo travels across India guided by Bradshaw's 1913 Handbook of Indian, Foreign and Colonial Travel. ??… https://t.co/4WG0esDk8m",0,@BBC
-0.3859,Tue Mar 20 18:33:01 +0000 2018,0.16,0.768,0.071,"Can you watch this without laughing? ?? You'll want your sound on for this! #InternationalDayOfHappiness

https://t.co/vA5yr0PCC5",1,@BBC
0.34,Tue Mar 20 17:33:03 +0000 2018,0.102,0.738,0.16,"Professor Stephen Hawking's funeral will take place in Cambridge - ""the city that he loved so much and which loved… https://t.co/LHh0Nfeh6U",2,@BBC
0.0,Tue Mar 20 17:03:01 +0000 2018,0.0,1.0,0.0,"Un-bee-lievable! ?? Meet the woman who kept a bee as a pet. 
https://t.co/5zRxWpSGOH",3,@BBC
0.0,Tue Mar 20 16:05:04 +0000 2018,0.0,1.0,0.0,"Arise, Sir Ringo! ??@thebeatles drummer @ringostarrmusic has been knighted for his services to music.… https://t.co/OQLixgO2Zi",4,@BBC
0.0,Tue Mar 20 15:33:03 +0000 2018,0.0,1.0,0.0,The first polar bear cub to be born in the UK for 25 years has emerged from his den at Scotland's Highland Wildlife… https://t.co/WZLoy2mz7y,5,@BBC
0.4084,Tue Mar 20 15:03:02 +0000 2018,0.0,0.868,0.132,"'Everybody has a voice'. ????

Rugby legends JPR Williams and JJ Williams visit @FMNChorus and the BBC National Cho… https://t.co/myuIpumZnL",6,@BBC
0.6369,Tue Mar 20 14:24:06 +0000 2018,0.0,0.741,0.259,?The best pictures from the 2018 Paralympic Winter Games in Pyeongchang: https://t.co/w8dYDPHkAw https://t.co/0SVnupv9rB,7,@BBC
0.0,Tue Mar 20 14:03:04 +0000 2018,0.0,1.0,0.0,Prince Harry and Meghan Markle have chosen an organic lemon and elderflower cake for their wedding in May. ???… https://t.co/H7dWlxmYcR,8,@BBC
0.2235,Tue Mar 20 13:16:25 +0000 2018,0.0,0.881,0.119,"RT @BBCWalesNews: ???Cinema makes maths class an offer they can't refuse
Full story: https://t.co/Uwg6NTRFVF https://t.co/hr4dglHIu3",9,@BBC
-0.4023,Tue Mar 20 13:02:01 +0000 2018,0.162,0.838,0.0,"People always have an opinion. ?? Here's why @AlanCarr doesn't trust TripAdvisor reviews. #LiveAtTheApollo 

https://t.co/PvF6K9hYMI",10,@BBC
0.6114,Tue Mar 20 11:03:23 +0000 2018,0.0,0.818,0.182,"From a spot of spring cleaning to rolling cheese down a hill... ???

Here are nine ways to celebrate spring!… https://t.co/ujBmBsHast",11,@BBC
-0.6369,Tue Mar 20 10:30:04 +0000 2018,0.271,0.636,0.093,"Sudan, the world's last surviving male northern white rhino has died after months of ill health. ??… https://t.co/BnYne3cI2L",12,@BBC
0.3642,Tue Mar 20 10:04:02 +0000 2018,0.0,0.827,0.173,"This #InternationalDayOfHappiness, let's all try to be a little more like @chessmartinez. ??#LiveAtTheApollo 

https://t.co/VddL8zWJfS",13,@BBC
0.0,Tue Mar 20 09:49:33 +0000 2018,0.0,1.0,0.0,"RT @BBCOne: They've finally quacked the case.

https://t.co/eq4dLcauhe",14,@BBC
-0.3182,Tue Mar 20 09:49:23 +0000 2018,0.19,0.683,0.127,"RT @BBCEarth: Sudan’s death leaves just two females of the subspecies alive in the world 
https://t.co/kCpRCxFaFY",15,@BBC
0.25,Tue Mar 20 09:49:10 +0000 2018,0.087,0.78,0.133,RT @bbcthree: RuPaul is the first drag queen to get a Hollywood star. Sissy that Walk of Fame.  https://t.co/SmqOPQizh3 https://t.co/hWb1Xm…,16,@BBC
0.0,Tue Mar 20 09:49:02 +0000 2018,0.0,1.0,0.0,"RT @BBCBreakfast: ????BBRRR....Could it be the coldest day yet for the Spring Equinox?
Let us know what temp it is where you are today.  #S…",17,@BBC
0.4939,Tue Mar 20 09:32:02 +0000 2018,0.0,0.814,0.186,"Meet Bumblebee and Gnat, two adorable badger cubs being raised at an animal sanctuary. ?
https://t.co/Ihami0VtL0",18,@BBC
0.0,Tue Mar 20 09:03:04 +0000 2018,0.0,1.0,0.0,Spring is here! But what is the #SpringEquinox? ????https://t.co/RiWP3PC7Yo https://t.co/FIKocYFP6C,19,@BBC
0.0,Tue Mar 20 08:25:06 +0000 2018,0.0,1.0,0.0,Five times Beyonce and Jay-Z’s daughter Blue Ivy outshone her parents. ?? https://t.co/JaNAzsofOm https://t.co/DnoyApY0yL,20,@BBC
0.0,Tue Mar 20 08:03:03 +0000 2018,0.0,1.0,0.0,Traditional Highland Games sports such as tossing the caber and tug-of-war are to be taught in PE lessons. ?… https://t.co/jv5wlpmlyT,21,@BBC
-0.3818,Mon Mar 19 19:33:04 +0000 2018,0.11,0.89,0.0,"Follow the dramatic and deadly series of events that took place at two funerals in Belfast in March 1988. 

The Fun… https://t.co/y3MZaR8hsi",22,@BBC
0.1531,Mon Mar 19 18:33:05 +0000 2018,0.116,0.709,0.175,"Leonardo DiCaprio stars in the true story of a con man who cashed fake cheques worth millions. 

Catch Me If You Ca… https://t.co/HWShPj9ngi",23,@BBC
-0.1027,Mon Mar 19 18:03:01 +0000 2018,0.08,0.92,0.0,"?? @AlanCarr learned the hard way that you only get one shot at a school photo. #LiveAtTheApollo 

https://t.co/fv5JmcRgz4",24,@BBC
0.0,Mon Mar 19 17:30:08 +0000 2018,0.0,1.0,0.0,?Pop band @FifthHarmony have announced they're taking a break to pursue solo careers ?https://t.co/tLOR7h1gZy https://t.co/5c77Cfjfp6,25,@BBC
-0.7096,Mon Mar 19 17:00:05 +0000 2018,0.414,0.442,0.144,"Murder. Innocence. Lies. 

@AgathaChristie classic, #OrdealByInnocence, comes to @BBCOne soon.
https://t.co/qfJThHowXC",26,@BBC
0.0,Mon Mar 19 16:33:29 +0000 2018,0.0,1.0,0.0,Here are the latest snow scenes from around the UK. ??? https://t.co/eTBGkQ4MPU https://t.co/txRHxkOn5C,27,@BBC
0.0,Mon Mar 19 15:02:02 +0000 2018,0.0,1.0,0.0,'Flabbergasted'. ?This is the incredible moment when eight London teenagers heard a live opera singer for the first… https://t.co/jNki4Z61SE,28,@BBC
0.0,Mon Mar 19 14:30:08 +0000 2018,0.0,1.0,0.0,"Meet the dancing slum kids tipped for stardom by Rihanna ?
https://t.co/R61fzQGIzd https://t.co/wGcvBKmdaZ",29,@BBC
0.6588,Mon Mar 19 13:44:55 +0000 2018,0.0,0.788,0.212,"RT @bbcgetinspired: The Nation's Billion Steps Challenge is here! ? 

Yesterday we did an amazing 431 million steps – can we do even better…",30,@BBC
-0.3412,Mon Mar 19 13:03:04 +0000 2018,0.112,0.888,0.0,"? ""There's always that voice in the back of your head that says you're not good enough"". 

 ? @CarrieHFletcher on b… https://t.co/0AsBxFFiQA",31,@BBC
0.0,Mon Mar 19 12:55:17 +0000 2018,0.0,1.0,0.0,RT @BBCRadioScot: This must have been some buzz! ??? https://t.co/0gqtbQBN1i,32,@BBC
0.0,Mon Mar 19 12:30:05 +0000 2018,0.0,1.0,0.0,Where are the UK's youngest and oldest city populations? https://t.co/eIU7UzqHBS https://t.co/vdXMTDluuX,33,@BBC
-0.0516,Mon Mar 19 11:50:58 +0000 2018,0.107,0.893,0.0,RT @BBCSport: This 102-shot badminton rally will leave you exhausted... https://t.co/LFC4r4iwiz,34,@BBC
0.4588,Mon Mar 19 11:33:04 +0000 2018,0.0,0.857,0.143,"Have you got a passion for plants? ?????

Test your knowledge of all things foliage in this quiz. ?… https://t.co/evogV5ljAc",35,@BBC
0.0,Mon Mar 19 10:53:19 +0000 2018,0.0,1.0,0.0,"RT @BBCSport: ? The Commonwealth Games are almost upon us! ?

Scotland's Lynsey Sharp has given us the inside track on preparing for succes…",36,@BBC
0.5106,Mon Mar 19 10:33:03 +0000 2018,0.0,0.837,0.163,The oldest dog that the Dogs Trust has ever looked after has been given a new home. ????https://t.co/h0WQHkfMEf https://t.co/ixb7gesOIj,37,@BBC
-0.3818,Mon Mar 19 09:58:24 +0000 2018,0.191,0.809,0.0,"RT @BBCR1: Desperately searching for any signs of spring like... ?

#MondayMotivation https://t.co/9jo3h4C7bu",38,@BBC
0.4199,Mon Mar 19 09:58:15 +0000 2018,0.0,0.843,0.157,"RT @BBCRadioWales: ?? Snowy Cardiff! ?? 

What’s it like for you?

#ButePark 
#Cardiff 
#MiniBeast
#Snow https://t.co/O8gY1qjHVE",39,@BBC
0.0,Mon Mar 19 09:58:10 +0000 2018,0.0,1.0,0.0,"RT @BBCNews: Stem cell transplant ""game changer"" for MS patients https://t.co/BGWtdtXUAP",40,@BBC
0.128,Mon Mar 19 09:57:58 +0000 2018,0.079,0.789,0.133,RT @BBCBreakfast: Anyone want to play a game of spot Tracey's feet? Our floor manager Tracey had to dive behind the sofa to avoid being on…,41,@BBC
0.3642,Mon Mar 19 09:32:02 +0000 2018,0.0,0.848,0.152,"'Who wants a normal life?' We should all be a little more like @chessmartinez. ?? #LiveAtTheApollo

https://t.co/VddL8zWJfS",42,@BBC
0.0,Mon Mar 19 09:27:50 +0000 2018,0.0,1.0,0.0,"RT @BBCWthrWatchers: Some incredible photos sent in last night of the #Auroraborealis from Skye Woody, Cumbrian stargazer and DJStewie.  Di…",43,@BBC
0.5994,Mon Mar 19 08:45:02 +0000 2018,0.0,0.738,0.262,Beautiful spring blossom in south-west China has been captured by drone https://t.co/WTo7JjiKXw,44,@BBC
-0.296,Mon Mar 19 08:02:00 +0000 2018,0.109,0.891,0.0,"? Should we still be worried about the hole in the ozone layer?

? @SimonOKing and @clarenasir investigate in their… https://t.co/SZV3Df9y0t",45,@BBC
0.0,Sun Mar 18 20:30:11 +0000 2018,0.0,1.0,0.0,"?? @LesDennis, @SimplySusannah, @Tameka_Empson and Miles Jupp embark on a muscle-grinding mission to regain their f… https://t.co/B1rXaalmk2",46,@BBC
0.0258,Sun Mar 18 20:03:04 +0000 2018,0.086,0.824,0.09,?? Fans of K-Pop boyband member @IBGDRGN have been asked to stop sending fan mail to the army base where he's doing… https://t.co/ojtDZ3gMfb,47,@BBC
0.5994,Sun Mar 18 19:33:04 +0000 2018,0.0,0.803,0.197,"Saoirse Ronan stars as Eilis, a young girl who jumps at the chance of a better life when she emigrates to New York.… https://t.co/NtHAfh6cjZ",48,@BBC
-0.5994,Sun Mar 18 18:44:02 +0000 2018,0.163,0.837,0.0,"Ruth Ellis was only 28 when she became the last woman hanged to death in the UK. 

#TheRuthEllisFiles | Watch on… https://t.co/5kUIFtom7t",49,@BBC
0.204,Sun Mar 18 18:34:14 +0000 2018,0.077,0.772,0.151,"RT @BBC_TopGear: 840bhp goes a little like this…

@Matt_LeBlanc takes the Dodge Challenger SRT #Demon to the drag strip in this Sunday’s @T…",50,@BBC
0.7331,Sun Mar 18 17:18:12 +0000 2018,0.0,0.66,0.34,"RT @bbcthree: Be honest, do you think you'll be this fit at 81? https://t.co/Eca0uGCF6b",51,@BBC
0.0,Sun Mar 18 17:04:03 +0000 2018,0.0,1.0,0.0,"?? How much food do you throw away? If you're a typical Brit, you probably think it's hardly any.

You're in denial… https://t.co/0bSCbRrZJr",52,@BBC
0.0,Sun Mar 18 16:33:17 +0000 2018,0.0,1.0,0.0,"????Zun Lee wants his photography to give a balanced and nuanced portrayal of black fatherhood.

?… https://t.co/LodRrr27fd",53,@BBC
0.0,Sun Mar 18 15:41:04 +0000 2018,0.0,1.0,0.0,"? A doctor explains why you can get pregnant and give birth without having a baby bump. 
? https://t.co/nVrSpQoTOT https://t.co/iEEOjZdBKL",54,@BBC
0.0772,Sun Mar 18 14:33:07 +0000 2018,0.0,0.947,0.053,RT @BBCEngland: A number of runners have held their own half-marathon in Reading after the official event was called off due to the snowy w…,55,@BBC
0.0,Sun Mar 18 14:28:23 +0000 2018,0.0,1.0,0.0,RT @BBCSport: They’ve done it! Gold for GB’s Menna Fitzpatrick and Jen Kehoe in the visually impaired slalom at the Winter Paralympics. And…,56,@BBC
0.0,Sun Mar 18 14:18:01 +0000 2018,0.0,1.0,0.0,?? Why a rise in electric cars could also mean a hike in the cost of your next phone. https://t.co/6i5xFQgRIW,57,@BBC
0.6369,Sun Mar 18 14:08:37 +0000 2018,0.0,0.682,0.318,RT @BBC6Music: ?? Which song has the greatest opening line?,58,@BBC
0.3182,Sun Mar 18 13:45:03 +0000 2018,0.0,0.905,0.095,?Pop music is awash with those that released one hit album and never followed it up. Here are 7 huge artists that o… https://t.co/4ukT9drcdG,59,@BBC
0.0,Sun Mar 18 13:00:08 +0000 2018,0.0,1.0,0.0,"?? Would you eat a burger pie?  
#BackInTimeForTea https://t.co/zGWzJwdSlM",60,@BBC
0.0,Sun Mar 18 12:29:50 +0000 2018,0.0,1.0,0.0,RT @BBCOne: If food is the language of love... https://t.co/5hnYovE94o,61,@BBC
-0.4588,Sun Mar 18 11:43:04 +0000 2018,0.167,0.833,0.0,"Ever wondered why David Bowie wore an eye patch?

Strange things artists have worn on stage and the reasons why. 
?… https://t.co/8zSBXQkLvy",62,@BBC
0.4939,Sun Mar 18 10:30:04 +0000 2018,0.0,0.826,0.174,"?? Want to learn how to bake bread?

These easy to follow recipes and step-by-step videos will have you baking ever… https://t.co/iXEmj5WJdD",63,@BBC
-0.4215,Sun Mar 18 10:00:08 +0000 2018,0.259,0.741,0.0,"“I regret spending £50,000 on my wedding.” https://t.co/6PxJsDf9dn https://t.co/eJdx7KMmmK",64,@BBC
0.0,Sun Mar 18 09:30:03 +0000 2018,0.0,1.0,0.0,"How to be 20 on the inside, even when you’re 80 on the outside... https://t.co/KB2mqpkrIB",65,@BBC
0.656,Sun Mar 18 09:19:33 +0000 2018,0.061,0.727,0.212,"RT @BBCNews: Snow and ice are bringing disruption to many parts of the UK - but they're not stopping everyone from having fun ???

https://…",66,@BBC
0.0,Sun Mar 18 09:10:02 +0000 2018,0.0,1.0,0.0,"RT @bbc5live: The beast from the east is back ????

You've been in touch this morning with your #uksnow pics, here are just a few...

What'…",67,@BBC
0.0,Sat Mar 17 20:02:01 +0000 2018,0.0,1.0,0.0,"These seven celebrities are about to go on the journey of a lifetime... #Pilgrimage
https://t.co/m45UBXJew2",68,@BBC
0.0,Sat Mar 17 19:21:02 +0000 2018,0.0,1.0,0.0,Can we just take a moment to discuss Eddie Redmanyne's coats?https://t.co/odVkhWyRKs,69,@BBC
0.0,Sat Mar 17 18:32:01 +0000 2018,0.0,1.0,0.0,"Ouch! ??@GordonRamsay's daughter is hilarious... 
https://t.co/0dqwntX5uj",70,@BBC
0.3612,Sat Mar 17 18:03:04 +0000 2018,0.0,0.857,0.143,"?1?2?3?Sir David Attenborough explores whether there is counting in the natural world. 

David Attenborough's Natur… https://t.co/Q4H4uXR4pt",71,@BBC
0.3182,Sat Mar 17 17:30:07 +0000 2018,0.0,0.901,0.099,One of the writers for The Simpsons has told @BBCNewsbeat Stephen Hawking was such a big fan of the show - he'd sho… https://t.co/Jjer3V4cYk,72,@BBC
0.4767,Sat Mar 17 17:00:08 +0000 2018,0.0,0.785,0.215,"?? 'The moment I gave Reese Witherspoon my Legally Blonde dissertation... and yes, it was scented.'
?… https://t.co/z8x5mqqKoW",73,@BBC
0.0,Sat Mar 17 16:39:39 +0000 2018,0.0,1.0,0.0,RT @BBCWorld: Blossom in south-west China captured by drone https://t.co/gIDKUn1La6,74,@BBC
0.0,Sat Mar 17 15:03:12 +0000 2018,0.0,1.0,0.0,"This year, over 250 landmarks across the globe are going green for #StPatricksDay! ? https://t.co/TlWqU0TXQT https://t.co/i4sW4OaGrQ",75,@BBC
0.0,Sat Mar 17 14:43:43 +0000 2018,0.0,1.0,0.0,"RT @BBCRadio3: ""Even if we found a complete theory of the universe, it wouldn't remove the need for music"" - #StephenHawking
https://t.co/t…",76,@BBC
0.8625,Sat Mar 17 14:00:30 +0000 2018,0.0,0.699,0.301,??? George has autism and other health conditions - but his love of skiing is helping him take on the outside world. https://t.co/kfCzRzkcNY,77,@BBC
0.3628,Sat Mar 17 13:46:15 +0000 2018,0.073,0.784,0.143,"RT @5liveSport: 'My mates didn't know I was playing @realmadrid'

@ManUtd's @carras16 tells @ColinMurray his friends keep him grounded…

'A…",78,@BBC
0.4019,Sat Mar 17 13:00:08 +0000 2018,0.0,0.881,0.119,"Yes, Gary Oldman and @BBCEastEnders' Big Mo are brother and sister. 

But do you know these other celeb family ties… https://t.co/dtzMwD3nBB",79,@BBC
-0.7244,Sat Mar 17 12:39:41 +0000 2018,0.336,0.664,0.0,"RT @BBCOne: .@NiallOfficial won't let fame get to his head - Ireland won't allow it. 

Happy #StPatricksDay ? https://t.co/OrWR94HStF",80,@BBC
0.5106,Sat Mar 17 12:00:09 +0000 2018,0.112,0.643,0.245,??? This shop encourages you to bring your own container from home to save on single-use plastic waste. https://t.co/TdHJSycKtO,81,@BBC
0.8883,Sat Mar 17 11:30:09 +0000 2018,0.0,0.488,0.512,?? ? Celebrate #StPatricksDay in true Irish style with these delicious recipes! ?https://t.co/2MCMlz6K0B https://t.co/k18P3Syx2N,82,@BBC
0.6249,Sat Mar 17 11:03:05 +0000 2018,0.0,0.796,0.204,From scrambled eggs to chilli-spiced crisps: here are six great ways to cook with kale. ??https://t.co/lqKD1h83Iv https://t.co/yWESBJm62q,83,@BBC
0.6996,Sat Mar 17 10:14:25 +0000 2018,0.066,0.658,0.276,RT @BBCTwo: Happy #StPatricksDay! Check out what's lurking beneath the calm waters of Ireland's west coast... ??? https://t.co/6MQgyLTlIr,84,@BBC
0.0,Sat Mar 17 10:00:02 +0000 2018,0.0,1.0,0.0,"?? Did you know that bullfinches can learn to sing a tune by mimicking humans?

? Sound on for this one!  https://t.co/44OFulioZp",85,@BBC
-0.7717,Sat Mar 17 09:39:19 +0000 2018,0.251,0.749,0.0,"RT @BBCEngland: Stephen Hawking's PhD thesis has been viewed 250,000 times online since news of his death broke on Wednesday, the Universit…",86,@BBC
0.6369,Sat Mar 17 09:00:06 +0000 2018,0.0,0.714,0.286,"Ready to get active?
? Here are 5 ways you can get involved in #SportRelief2018. 
? https://t.co/wmKUWBDBjp https://t.co/xr7g5Hw4PK",87,@BBC
0.7783,Fri Mar 16 19:38:34 +0000 2018,0.0,0.726,0.274,"RT @BBCR1: This guy just raised over a million pounds for @sportrelief ??

Congratulations on completing a truly mammoth task @gregjames, w…",88,@BBC
0.4926,Fri Mar 16 18:31:01 +0000 2018,0.0,0.61,0.39,???? Keepy-uppy the good work! https://t.co/lFtKEBxjNJ,89,@BBC
0.5719,Fri Mar 16 17:00:25 +0000 2018,0.0,0.791,0.209,??? Bradley has never let Asperger's hold him back from doing what he loves. https://t.co/5JFvIXeDSZ,90,@BBC
0.0,Fri Mar 16 16:30:01 +0000 2018,0.0,1.0,0.0,"Running for the door on a Friday afternoon like...
#FridayFeeling https://t.co/optoQcK1TV",91,@BBC
0.0,Fri Mar 16 16:00:00 +0000 2018,0.0,1.0,0.0,??Jarvis Cocker describes the dream-like experience of visiting La Monte Young's Dreamhouse.… https://t.co/O9u7sPRL5m,92,@BBC
0.0,Fri Mar 16 14:25:15 +0000 2018,0.0,1.0,0.0,"RT @BBCR1: The gruelling task of climbing Ben Nevis in underway for @gregjames after cycling 180 miles in a day and a half!

Don't know abo…",93,@BBC
0.34,Fri Mar 16 14:00:13 +0000 2018,0.0,0.841,0.159,Prepare to get that warm fuzzy feeling - the man who photobombed his wife 11 years before he met her:… https://t.co/iZBJ8dEKhz,94,@BBC
0.6124,Fri Mar 16 12:59:01 +0000 2018,0.0,0.667,0.333,?? Why are soap bubbles such gorgeous colours? https://t.co/ppaXTcvWRZ,95,@BBC
0.3612,Fri Mar 16 12:38:40 +0000 2018,0.0,0.902,0.098,"RT @BBCNewsPR: Get ready to make the headlines. 

Try out our new BBC iReporter game, putting you in the heart of the newsroom #BBCSchoolRe…",96,@BBC
-0.6486,Fri Mar 16 12:00:04 +0000 2018,0.238,0.762,0.0,"? Fights, funerals, and giant furry heads... @BBCThree lifts the lid on the lives of English football's mascots
?… https://t.co/gEYxoetlah",97,@BBC
0.5574,Fri Mar 16 10:45:24 +0000 2018,0.0,0.841,0.159,"RT @BBCRadio2: It's with a heavy heart that today we announce, after 18 fantastic years, @realLynnBowles is leaving Radio 2. ?

@realkenbru…",98,@BBC
0.0,Fri Mar 16 10:02:00 +0000 2018,0.0,1.0,0.0,Are you getting enough sleep? This simple test will tell you... ??#WorldSleepDay https://t.co/SP28dsdLSf,99,@BBC
0.0,Tue Mar 20 17:58:43 +0000 2018,0.0,1.0,0.0,RT @nancyodell: Told my daughter I'd be presenting at @ACMawards again this year. (Woot woot!We both luv country music!)She took this pic o…,0,@CBS
0.5562,Tue Mar 20 16:52:42 +0000 2018,0.0,0.826,0.174,RT @ladyantebellum: Ecstatic to announce we'll be performing at the #ACMawards in Las Vegas again this year! https://t.co/Qfhs94j6FR,1,@CBS
0.0,Tue Mar 20 16:11:00 +0000 2018,0.0,1.0,0.0,"Country superstars @kennychesney, @ladyantebellum, @blakeshelton, and @KeithUrban have just been added to the stell… https://t.co/bJ4If7MacP",2,@CBS
0.7845,Mon Mar 19 21:02:26 +0000 2018,0.072,0.619,0.309,"RT @YandR_CBS: Forever evolving, Forever inspiring, Forever Young and Restless. ?? Get ready to celebrate 45 years of #YR starting in just…",3,@CBS
0.0,Sun Mar 18 23:44:30 +0000 2018,0.0,1.0,0.0,New start times in East/Central Time Zones: #60Minutes 7:37ET/6:37CT #Instinct series premiere 8:37ET/7:37CT… https://t.co/xT3YKqmu2M,4,@CBS
0.6514,Sun Mar 18 18:05:43 +0000 2018,0.0,0.787,0.213,Spend your Sunday streaming Second Round games LIVE with a FREE trial of CBS All Access! https://t.co/3P85rXLy4b https://t.co/zbWfirD9Ju,5,@CBS
0.1867,Sun Mar 18 17:09:53 +0000 2018,0.0,0.92,0.08,"RT @instinctcbs: TONIGHT, Dr. Dylan Reinhart rewrites the book on abnormal behavior. Don't miss the premiere of #Instinct at 8/7c! https://…",6,@CBS
0.0,Sat Mar 17 19:00:02 +0000 2018,0.0,1.0,0.0,"If any duo knows how to rock the stage, it's @FLAGALine. The Vocal Duo Of The Year nominee will perform live at the… https://t.co/FknabB8NQp",7,@CBS
0.6166,Sat Mar 17 17:42:43 +0000 2018,0.0,0.839,0.161,How is your bracket looking after last night? Stream Second Round games LIVE today with a FREE trial of CBS All Acc… https://t.co/25JlIpgwog,8,@CBS
0.7096,Sat Mar 17 14:00:03 +0000 2018,0.0,0.753,0.247,Where better to spend #StPatricksDay than the place everybody knows your name? It’s just your luck that every singl… https://t.co/Fom5wmdENL,9,@CBS
0.296,Fri Mar 16 22:53:21 +0000 2018,0.0,0.896,0.104,Stars @JakeMcDorman and Nik Dodani will join the cast in the upcoming revival of Murphy Brown coming to CBS.… https://t.co/JCAx29lo0i,10,@CBS
0.0,Fri Mar 16 18:15:53 +0000 2018,0.0,1.0,0.0,"RT @thegoodfight: Go behind the scenes with costume designer @DanLawsonStyle in ""Behind The Style,"" a new weekly video series all about the…",11,@CBS
0.6514,Fri Mar 16 16:28:40 +0000 2018,0.0,0.822,0.178,The games have just begun! Continue to stream First Round games LIVE today with a FREE trial of CBS All Access:… https://t.co/YTGsJ48zYP,12,@CBS
0.7088,Thu Mar 15 17:54:06 +0000 2018,0.0,0.763,0.237,"RT @TheTalkCBS: You asked, we answered! The fun never ends when the ladies #KeepTalking and answer your fan questions ???? https://t.co/ie1…",13,@CBS
-0.4939,Thu Mar 15 17:20:26 +0000 2018,0.157,0.766,0.077,RT @instinctcbs: Dr. Dylan Reinhart is lured back into the field from his life of quiet academia when a certain serial killer makes things…,14,@CBS
0.6514,Thu Mar 15 16:42:41 +0000 2018,0.0,0.806,0.194,Stream First Round games LIVE today starting at 12PM ET with a FREE trial of CBS All Access! https://t.co/3P85rXLy4b https://t.co/vZow3YD8cb,15,@CBS
0.6115,Thu Mar 15 14:32:16 +0000 2018,0.0,0.734,0.266,RT @CBSSports: It's the most wonderful time of the year. #MarchMadness https://t.co/e4c9qohqSR,16,@CBS
0.6696,Wed Mar 14 19:30:01 +0000 2018,0.0,0.781,0.219,"Give these ladies some love! @Lauren_Alaina, @DBradbery, @carlypearce, and @RaeLynn are nominated for New Female Vo… https://t.co/IVhwURfJ3S",17,@CBS
0.3612,Tue Mar 13 18:48:52 +0000 2018,0.0,0.857,0.143,"RT @ManWithAPlan: Hungry for more #ManWithAPlan bloopers and behind-the-scenes videos featuring cast like @matt_leblanc, @thelizasnyder, @k…",18,@CBS
0.539,Tue Mar 13 14:15:10 +0000 2018,0.0,0.821,0.179,"Music stars @MileyCyrus, @edsheeran, @ladygaga, and more will honor the legendary @eltonofficial and his hit songs… https://t.co/UzxARCCLnI",19,@CBS
0.2244,Mon Mar 12 18:13:28 +0000 2018,0.0,0.917,0.083,RT @thegoodfight: The verdict is in. The new season of #TheGoodFight is ???! Stream it now on CBS All Access: https://t.co/FkYSNSXlRb https…,20,@CBS
0.0,Mon Mar 12 01:20:43 +0000 2018,0.0,1.0,0.0,"RT @MadamSecretary: In less than an hour, #MadamSecretary's Keith Carradine will be taking over the @MadamSecretary Twitter page! Tweet alo…",21,@CBS
0.4926,Fri Mar 09 22:48:26 +0000 2018,0.0,0.883,0.117,RT @DierksBentley: Take and post a photo of the woman in your life who inspires you daily! Use the hashtag #WomanAmenACM in your post for a…,22,@CBS
0.1275,Fri Mar 09 22:24:20 +0000 2018,0.092,0.795,0.113,"RT @MomCBS: If you missed guest star @KChenoweth in the latest episode of #Mom, not to worry! Watch now: https://t.co/RlvXoGOZ0l https://t.…",23,@CBS
0.4215,Fri Mar 09 21:10:21 +0000 2018,0.0,0.823,0.177,"Give a round of applause to @KelseaBallerini, @MirandaLambert, @Reba, @MarenMorris, and @CarrieUnderwood, the five… https://t.co/Ncp1BTXx6N",24,@CBS
0.8658,Fri Mar 09 18:27:28 +0000 2018,0.0,0.553,0.447,"RT @thegoodfight: Smart, sexy, and sophisticated. See what's coming this season on #TheGoodFight. https://t.co/CuKhx2G50P https://t.co/ygTI…",25,@CBS
0.0,Fri Mar 09 16:02:27 +0000 2018,0.0,1.0,0.0,RT @BlueBloods_CBS: Even stand-up guys fall down sometimes. #BlueBloods is new tonight at 10/9c! https://t.co/UOlDm22wWW,26,@CBS
0.8625,Thu Mar 08 18:00:49 +0000 2018,0.0,0.664,0.336,Today and every day we celebrate the women in our lives who empower and inspire us. Share a story about an influent… https://t.co/9rVtqrElvT,27,@CBS
0.4926,Thu Mar 08 17:03:04 +0000 2018,0.0,0.868,0.132,Take and post a photo of the woman in your life who inspires you daily! Use the hashtag #WomanAmenACM in your post… https://t.co/7ShhvE48zy,28,@CBS
-0.2023,Wed Mar 07 18:39:10 +0000 2018,0.23,0.619,0.15,"RT @thegoodfight: Meticulously constructed. Soapy &amp; sexy. Intoxicating, savage television. ? Here's what critics are saying about #TheGoodF…",29,@CBS
0.0,Wed Mar 07 17:06:02 +0000 2018,0.0,1.0,0.0,"This just in! @Jason_Aldean, @mirandalambert, @LukeBryanOnline, and many more are set to perform at the 53rd Academ… https://t.co/mfxw2VxzU4",30,@CBS
0.6705,Tue Mar 06 18:10:59 +0000 2018,0.0,0.756,0.244,"Meet the ensemble of talented actors slated to join $1, a new mystery series coming to CBS All Access:… https://t.co/QoyYv7vxwg",31,@CBS
0.3818,Mon Mar 05 22:16:43 +0000 2018,0.0,0.833,0.167,"Will @Jason_Aldean, @garthbrooks, @LukeBryanOnline, @ChrisStapleton, or @KeithUrban be named Entertainer Of The Yea… https://t.co/rMD8zjeX3s",32,@CBS
0.4404,Sun Mar 04 08:05:26 +0000 2018,0.0,0.884,0.116,"RT @thegoodfight: It feels good to be back. ??? The season 2 premiere of #TheGoodFight is now streaming, exclusively on CBS All Access: htt…",33,@CBS
0.0,Sat Mar 03 20:55:20 +0000 2018,0.0,1.0,0.0,"RT @thegoodfight: Tomorrow, #TheGoodFight is back. Stream the season 2 premiere only on CBS All Access: https://t.co/tNFR8LBJO2 https://t.c…",34,@CBS
0.7096,Fri Mar 02 22:30:01 +0000 2018,0.0,0.753,0.247,"Who are the trailblazing women in your life that inspire you? Join CBS and the ANA's #SeeHer initiative, celebratin… https://t.co/M0KqZ41Bes",35,@CBS
0.7096,Fri Mar 02 20:30:01 +0000 2018,0.0,0.718,0.282,"Join @maria_bello, @aishatyler and @TeaLeoni in celebrating the accomplishments of women who have contributed to th… https://t.co/MefESBeFL3",36,@CBS
0.4939,Fri Mar 02 18:45:00 +0000 2018,0.0,0.849,0.151,"In honor of Women's History Month, CBS and the Association of National Advertisers' (ANA) #SeeHer initiative will p… https://t.co/2wtYxKJVuO",37,@CBS
-0.6981,Thu Mar 01 18:59:01 +0000 2018,0.21,0.79,0.0,RT @ZoeListerJones: Tonight’s an all new Life In Pieces and it’s directed by my ride or die @nataliaanderson!!!… https://t.co/2LPfmyLWrY,38,@CBS
0.4547,Thu Mar 01 18:12:57 +0000 2018,0.092,0.749,0.159,"RT @MarenMorris: Hot damn! Woke up from my post-wisdom teeth haze to find out I’m up for 4 @ACMawards ! So honored, especially for the Dear…",39,@CBS
0.8591,Thu Mar 01 18:11:50 +0000 2018,0.0,0.462,0.538,RT @KelseaBallerini: Ohhhhh goodness. Incredible. Thank you thank you thank you. #female https://t.co/1ZTYjNfQeF,40,@CBS
0.4885,Thu Mar 01 18:10:50 +0000 2018,0.151,0.615,0.234,RT @KeithUrban: ACMs...... HOLY SMOKES!!!!! MAD LOVE TO U ALL THIS MORNING  FOR THESE INCREDIBLE NOMINATIONS. I’M EXTREMELY GRATEFUL!!!!!!!…,41,@CBS
0.5994,Thu Mar 01 14:36:21 +0000 2018,0.0,0.822,0.178,"RT @ACMawards: Congratulations to this year’s #ACMawards Video of the Year nominees:
“Black” - @DierksBentley
“It Ain’t My Fault” - @Brothe…",42,@CBS
0.7717,Thu Mar 01 14:29:20 +0000 2018,0.0,0.675,0.325,"RT @ACMawards: Please give a round of applause to this year’s #ACMawards Entertainer of the Year nominees: @Jason_Aldean, @GarthBrooks, @Lu…",43,@CBS
0.6908,Thu Mar 01 14:15:29 +0000 2018,0.0,0.725,0.275,".@ChrisStapleton, @ThomasRhett, @mirandalambert and more are all nominated for awards at Country Music's Party of t… https://t.co/Vm1vXRUDYJ",44,@CBS
0.0,Thu Mar 01 13:50:11 +0000 2018,0.0,1.0,0.0,"The Queen of Country, @Reba, is returning to host the 53rd #ACMawards on Sunday, April 15 at 8/7c. Here are a few o… https://t.co/Iqzz6Gql01",45,@CBS
0.0,Thu Mar 01 01:04:52 +0000 2018,0.0,1.0,0.0,RT @survivorcbs: It’s time! #Survivor https://t.co/YPk6cGWrUA,46,@CBS
0.0,Wed Feb 28 19:56:58 +0000 2018,0.0,1.0,0.0,"RT @CBSThisMorning: TOMORROW: The nominees for the 2018 @ACMawards will be announced live by the one-and-only, @Reba! 

Watch on @CBS in ou…",47,@CBS
0.4404,Wed Feb 28 19:08:30 +0000 2018,0.0,0.884,0.116,"RT @thegoodfight: From the set design and costumes to hair and makeup, the production quality is truly next-level. Take a peek inside the u…",48,@CBS
0.5562,Tue Feb 27 03:23:47 +0000 2018,0.0,0.848,0.152,RT @LivinBiblically: The fun continues on Facebook! The #LivingBiblically cast is live to talk about tonight’s premiere. Tune in here: http…,49,@CBS
0.0,Mon Feb 26 22:50:32 +0000 2018,0.0,1.0,0.0,"RT @KevinCanWaitCBS: Can you get all the way through these #KevinCanWait bloopers without laughing?! @KevinJames,@LeahRemini and the rest o…",50,@CBS
0.0,Mon Feb 26 21:08:30 +0000 2018,0.0,1.0,0.0,"RT @ACMawards: That’s right! @Reba is headed to @CBSThisMorning on Thursday, March 1 to announce this year’s #ACMAwards' nominees. Tune in…",51,@CBS
0.4482,Mon Feb 26 19:53:41 +0000 2018,0.0,0.895,0.105,"RT @ScorpionCBS: You can't hack your way to a 197 IQ, but you are well on your way with these Genius Facts from #TeamScorpion! ? You can be…",52,@CBS
0.784,Mon Feb 26 18:32:36 +0000 2018,0.0,0.734,0.266,RT @SuperiorDonuts: You can always count on @DavidKoechner for a laugh! Did your favorite Tush moment make the list? Catch a new #SuperiorD…,53,@CBS
0.9359,Mon Feb 26 18:20:16 +0000 2018,0.0,0.571,0.429,RT @TheTalkCBS: TODAY: We loved them together then &amp; we love seeing them together now! Welcome back to the show @THESaraGilbert?'s good fri…,54,@CBS
-0.5423,Mon Feb 26 16:53:56 +0000 2018,0.184,0.816,0.0,"RT @thegoodfight: As foundations begin to crumble, our characters struggle to make sense of this new dystopian world. The cast teases what'…",55,@CBS
0.0,Mon Feb 26 16:52:01 +0000 2018,0.0,1.0,0.0,"#LivingBiblically's @linzkraft and @jrfergjr appeared on @KCBS's Facebook Live this morning, talking all about what… https://t.co/4RebcHuuMQ",56,@CBS
0.0,Mon Feb 26 16:17:55 +0000 2018,0.0,1.0,0.0,"RT @CBSSports: Introducing CBS Sports HQ, a New 24/7 Direct-to-Consumer Streaming Network for Sports News, Highlights, &amp; Analysis.

Stream…",57,@CBS
0.7644,Mon Feb 26 01:12:32 +0000 2018,0.0,0.769,0.231,"RT @CBSBigBrother: It’s down to the final 5 celebrity Houseguests, and anyone could take home the grand prize! Tune in NOW to watch the #BB…",58,@CBS
0.0,Sun Feb 25 21:51:32 +0000 2018,0.0,1.0,0.0,RT @startrekcbs: Binge the entire first season of #StarTrekDiscovery. All episodes now streaming exclusively on CBS All Access: https://t.c…,59,@CBS
0.0,Sun Feb 25 21:51:22 +0000 2018,0.0,1.0,0.0,"RT @thegoodfight: #TheGoodFight returns in 1 week. Season 2 premieres Sunday, March 4. https://t.co/nomCao1GWp https://t.co/BOn6bOe9Tb",60,@CBS
0.5093,Fri Feb 23 18:15:40 +0000 2018,0.0,0.845,0.155,RT @thegoodfight: This is our new favorite thing. Christine Baranski debuted #TheGoodFight the Musical on @colbertlateshow last night! ??…,61,@CBS
0.0,Thu Feb 22 19:26:52 +0000 2018,0.0,1.0,0.0,"RT @LivinBiblically: Confession time: have YOU ever hit the ""close door"" button in an elevator while somebody was approaching? The cast of…",62,@CBS
0.0,Wed Feb 21 19:20:04 +0000 2018,0.0,1.0,0.0,RT @CBSEyeSpeak: Mark your calendars! #CBSEyeSpeak kicks off March 14 with The EYE Speak Summit. Follow our page for more details! https://…,63,@CBS
0.6808,Wed Feb 21 18:19:25 +0000 2018,0.0,0.752,0.248,"RT @CBSEyeSpeak: Proud to announce a new CBS initiative, promoting female empowerment and developing the next generation of leaders through…",64,@CBS
0.4404,Tue Feb 20 19:55:19 +0000 2018,0.0,0.884,0.116,"RT @LivinBiblically: When you're living by the Bible, it's good to have a priest and a rabbi on call (provided they answer their phones, th…",65,@CBS
-0.4019,Tue Feb 20 17:58:18 +0000 2018,0.119,0.881,0.0,"RT @thegoodfight: Chicago lawyers are being hunted and the world is going insane. 

The new season of #TheGoodFight premieres Sunday, March…",66,@CBS
0.3612,Tue Feb 20 17:39:51 +0000 2018,0.0,0.872,0.128,Ready for some larger than life competition? This new series from @MarkBurnettTV will premiere in summer 2018.… https://t.co/gDXHLdIJ5v,67,@CBS
0.6124,Sat Feb 17 01:07:20 +0000 2018,0.0,0.773,0.227,"With tournament dreams on the line, make sure to stream these college basketball matchups on CBS All Access:… https://t.co/SGkYUZrQWB",68,@CBS
0.3182,Fri Feb 16 18:42:43 +0000 2018,0.0,0.892,0.108,"RT @LivinBiblically: While Chip's sticking to the Bible's original rules, the cast of #LivingBiblically has given them a more modern makeov…",69,@CBS
0.68,Fri Feb 16 17:48:20 +0000 2018,0.0,0.752,0.248,"Casting News! Peter Mark Kendall, Michael Gaston, Greg Wise, Rade Šerbedžija, Zack Pearlman, and Keye Chen join the… https://t.co/GFob2KrD8H",70,@CBS
0.8619,Wed Feb 14 19:23:27 +0000 2018,0.0,0.534,0.466,RT @BullCBS: The verdict is in...#Bull is the perfect Valentine! ?? Happy #ValentinesDay! https://t.co/poEejI4AnC,71,@CBS
0.0,Tue Feb 13 20:03:56 +0000 2018,0.0,1.0,0.0,"RT @NoActivityCBS: Car 27 reporting: Season 2 of #NoActivity coming soon!

Binge season one now on CBS All Access: https://t.co/yvxoQMeyhN…",72,@CBS
0.7506,Tue Feb 13 18:54:52 +0000 2018,0.0,0.748,0.252,"RT @LivinBiblically: Against all odds (and the advice of his God Squad), Chip is determined to live life by the Good Book. Think you could…",73,@CBS
0.0,Mon Feb 12 18:49:45 +0000 2018,0.0,1.0,0.0,RT @thegoodfight: Christine Baranski reflects upon the spectacular metamorphosis of her character in #TheGoodFight's first season. Revisit…,74,@CBS
0.0,Mon Feb 12 01:32:33 +0000 2018,0.0,1.0,0.0,RT @startrekcbs: Binge the entire first season of #StarTrekDiscovery. All 15 episodes now streaming on CBS All Access: https://t.co/lKLaptP…,75,@CBS
0.8478,Fri Feb 09 00:50:01 +0000 2018,0.0,0.696,0.304,RT @SuperiorDonuts: Looking for a #Valentine? Tush is here to help you land your dream date just in time for the day of love! #SuperiorDonu…,76,@CBS
-0.5859,Thu Feb 08 16:09:35 +0000 2018,0.186,0.814,0.0,RT @CBSBigBrother: The pressure is on as the Houseguests battle each other for victory in the first HOH competition. Stream the season prem…,77,@CBS
0.0516,Wed Feb 07 18:35:19 +0000 2018,0.0,0.934,0.066,"RT @startrekcbs: Sunday, this season's epic journey reaches its final reckoning. Catch up before the season finale: https://t.co/4Ea5wpmAep…",78,@CBS
0.5574,Wed Feb 07 16:17:48 +0000 2018,0.152,0.536,0.312,"Are you a sucker for jaw-dropping talent competitions? Announcing The World's Best, a first-of-its-kind new global… https://t.co/fagCMklm2Z",79,@CBS
0.0,Tue Feb 06 22:21:39 +0000 2018,0.0,1.0,0.0,"RT @BullCBS: Tonight, one of these 3 TAC employees will end up incarcerated. Who do you think it will be? Tune into a new episode of #Bull…",80,@CBS
0.0772,Tue Feb 06 17:05:49 +0000 2018,0.106,0.773,0.121,"RT @thegoodfight: There's no season like lawyer season. #TheGoodFight returns March 4, exclusively on CBS All Access. https://t.co/XAlrg1nB…",81,@CBS
0.0,Sun Feb 04 15:35:36 +0000 2018,0.0,1.0,0.0,"RT @thegoodfight: The acclaimed series returns in 1 month. #TheGoodFight is back Sunday, March 4. https://t.co/5BNLTYRd8p https://t.co/yInP…",82,@CBS
0.1531,Sun Feb 04 12:00:01 +0000 2018,0.0,0.882,0.118,".@KeshaRose's emotional performance with @CyndiLauper, @AndraDayMusic, @BebeRexha and @Camila_Cabello brought the a… https://t.co/qpgS2e9ir0",83,@CBS
0.0,Sat Feb 03 23:11:43 +0000 2018,0.0,1.0,0.0,Broadway legend Patti LuPone paid tribute to Sir Andrew Lloyd Webber with a show-stopping rendition of the iconic s… https://t.co/GxqLtUzhFP,84,@CBS
0.8268,Sat Feb 03 12:00:07 +0000 2018,0.0,0.662,0.338,"Relive an entire night's worth of big wins, live performances and many more inspiring moments from The 60th Annual… https://t.co/CH7mJ4Y3QT",85,@CBS
-0.0772,Fri Feb 02 22:36:13 +0000 2018,0.075,0.925,0.0,RT @swatcbs: ?@TheTalkCBS' @TheRealEve and @ShemarMoore brought some serious heat to the GRAMMYs red carpet: https://t.co/WYTITKkLQd https:…,86,@CBS
0.4019,Fri Feb 02 20:07:40 +0000 2018,0.0,0.856,0.144,"The all-star collaboration between @Rihanna, @DJKhaled and @brysontiller brought the party to the #GRAMMYs with a s… https://t.co/jTv5QbtgUp",87,@CBS
0.4003,Fri Feb 02 19:03:33 +0000 2018,0.0,0.876,0.124,RT @TheTalkCBS: All the #redcarpet looks from the 60th annual #GRAMMYs! Did you catch @TheRealEve's sparkly two-piece suit? Diamond accents…,88,@CBS
0.6114,Fri Feb 02 17:23:18 +0000 2018,0.0,0.834,0.166,Go backstage with the celebs and see which stars celebrated the big night together! Here are the moments you missed… https://t.co/rgQTXRQyLg,89,@CBS
0.0,Thu Feb 01 22:04:41 +0000 2018,0.0,1.0,0.0,? @DearEvanHansen star Ben Platt gave a soaring performance of a classic Broadway hit. Watch him perform 'Somewhere… https://t.co/HcuizFWo02,90,@CBS
0.0,Thu Feb 01 20:09:49 +0000 2018,0.0,1.0,0.0,"? @LittleBigTown, @U2, @BrunoMars and @Pink are just a few of the superstar performers that lit up the stage at The… https://t.co/2v0MNYMItG",91,@CBS
0.1139,Wed Jan 31 21:42:15 +0000 2018,0.0,0.912,0.088,"Don't miss country stars Emmylou Harris and @ChrisStapleton perform a moving rendition of @TomPetty's classic song,… https://t.co/GxoIW97XIu",92,@CBS
0.1007,Wed Jan 31 17:05:47 +0000 2018,0.115,0.75,0.135,RT @survivorcbs: Get excited! ? It’s finally time to meet the castaways of #Survivor: Ghost Island ? https://t.co/xQQ8ROhKbM https://t.co/P…,93,@CBS
0.4588,Wed Jan 31 16:37:17 +0000 2018,0.0,0.812,0.188,"Country stars @EricChurch, @BrothersOsborne and @MarenMorris performed a touching tribute dedicated to the victims… https://t.co/YCIq9i70fd",94,@CBS
0.1779,Wed Jan 31 06:55:30 +0000 2018,0.095,0.779,0.126,Missed the Man vs. Beast #SuperBowlCommercials showdown? Catch up now to find out which entertaining ad was named t… https://t.co/SlyO0n7yMX,95,@CBS
-0.2263,Wed Jan 31 02:15:16 +0000 2018,0.252,0.569,0.179,"RT @rikimae: Ok, that one makes me cry #superbowlcommercials",96,@CBS
-0.4767,Wed Jan 31 01:58:40 +0000 2018,0.256,0.744,0.0,"If this doesn’t make you cry, nothing will. #SuperBowlCommercials https://t.co/UjFf3xr4so",97,@CBS
0.4939,Wed Jan 31 01:52:46 +0000 2018,0.119,0.625,0.256,"RT @maverickkr: #superbowlcommercials the frogs were great, I'd forgotten about that one.",98,@CBS
0.5093,Wed Jan 31 01:49:43 +0000 2018,0.0,0.81,0.19,"If you haven't voted yet, it's not too late! Choose your favorite here: https://t.co/s4pEIF5IX8… https://t.co/VCa1YHDyYy",99,@CBS
0.6369,Tue Mar 20 19:32:09 +0000 2018,0.0,0.802,0.198,"Cambridge Analytica, the embattled data analytics company best known for its work on President Trump's campaign, ha… https://t.co/5TmS0KHPYE",0,@CNN
0.0,Tue Mar 20 19:29:06 +0000 2018,0.0,1.0,0.0,"KB Toys aims to fill the void that Toys ""R"" Us is leaving behind https://t.co/ZrMwJCXENE https://t.co/W2tMTRvIHC",1,@CNN
0.0,Tue Mar 20 19:23:46 +0000 2018,0.0,1.0,0.0,"RT @CNNnewsroom: ""We're talking about someone that has experience with these devices, and has...maybe, a scientific mind"" - Former FBI Spec…",2,@CNN
0.0,Tue Mar 20 19:22:05 +0000 2018,0.0,1.0,0.0,Fed up with Facebook? Here's what you need to know about protecting your data https://t.co/xXDmutBNyR https://t.co/o558X8vRkK,3,@CNN
0.128,Tue Mar 20 19:17:42 +0000 2018,0.0,0.919,0.081,"Former GOP White House official Peter Wehner says evangelicals' mulligan defense of President Trump is ""complete hy… https://t.co/Dmn55fWfiO",4,@CNN
0.3182,Tue Mar 20 19:10:09 +0000 2018,0.063,0.814,0.122,Market analysts warn that the stock market could be impacted if President Trump tries to oust special counsel Rober… https://t.co/jH8o0jdGye,5,@CNN
-0.1027,Tue Mar 20 19:04:31 +0000 2018,0.069,0.931,0.0,"California Rep. Barbara Lee says Education Secretary Betsy DeVos' ""head is in the sand"" regarding racial bias and d… https://t.co/yAQuCBJBvG",6,@CNN
0.0,Tue Mar 20 19:00:15 +0000 2018,0.0,1.0,0.0,"""Black Panther"" is the the most-tweeted about movie of all time, Twitter says https://t.co/3BqCoaCuHI https://t.co/ZAZSYeWIEC",7,@CNN
-0.5994,Tue Mar 20 18:55:04 +0000 2018,0.157,0.843,0.0,Wreckage from the USS Juneau -- a World War II cruiser sunk by a Japanese torpedo in 1942 -- has been discovered by… https://t.co/wn8aLW7516,8,@CNN
0.4767,Tue Mar 20 18:50:04 +0000 2018,0.0,0.838,0.162,The Senate Intelligence Committee has released a bipartisan list of recommendations to states and the federal gover… https://t.co/BiogMj6zO5,9,@CNN
0.0,Tue Mar 20 18:45:07 +0000 2018,0.0,1.0,0.0,Why your next work meeting could be outside https://t.co/kgrjuJ8dbB https://t.co/oglkMUaf2W,10,@CNN
0.0,Tue Mar 20 18:40:09 +0000 2018,0.0,1.0,0.0,Kids 50 years ago almost never drew scientists as women. Now they do almost a third of the time.… https://t.co/VwkKnfj2Oo,11,@CNN
-0.3818,Tue Mar 20 18:36:58 +0000 2018,0.098,0.902,0.0,RT @CNNweather: How about this for the first day of #Spring. The fourth nor'easter in three weeks has the possibility to dump more snow on…,12,@CNN
0.0,Tue Mar 20 18:35:08 +0000 2018,0.0,1.0,0.0,"Secretary Ben Carson detailed his wife's involvement in picking out a dining room set for his office, saying that s… https://t.co/efx94WEVUy",13,@CNN
-0.4939,Tue Mar 20 18:30:14 +0000 2018,0.198,0.802,0.0,"I tweeted about diversity and got hammered by haters, @djrothkopf writes for @CNNopinion https://t.co/OUn6nmGOSo https://t.co/AVQJAm4tvB",14,@CNN
0.624,Tue Mar 20 18:25:04 +0000 2018,0.0,0.769,0.231,"Amazon just passed Alphabet, the owner of Google, to become the second most valuable company in the US… https://t.co/mrzbRTTuwF",15,@CNN
0.0,Tue Mar 20 18:20:10 +0000 2018,0.0,1.0,0.0,Prince Harry and Meghan Markle reveal who will make the cake for their May 19 wedding. Pastry chef Claire Ptak will… https://t.co/kzhlEfqFiD,16,@CNN
-0.594,Tue Mar 20 18:12:14 +0000 2018,0.205,0.732,0.064,"RT @CNNPolitics: Sanders on Trump's tweets criticizing Mueller: ""We have not been shy about the fact that there is frustration of this proc…",17,@CNN
0.5859,Tue Mar 20 18:10:54 +0000 2018,0.0,0.817,0.183,Sen. John McCain slams President Trump for congratulating Russian President Vladimir Putin on his election win: “An… https://t.co/1fgyNMlaEw,18,@CNN
-0.296,Tue Mar 20 18:05:52 +0000 2018,0.091,0.909,0.0,"RT @CNNPolitics: White House press secretary Sarah Sanders says ""there are no specific plans made at this time"" for President Trump to meet…",19,@CNN
-0.2732,Tue Mar 20 18:00:10 +0000 2018,0.1,0.9,0.0,A former Playboy model who allegedly had a nine-month affair with Donald Trump is suing to be released from an agre… https://t.co/t6Qj8Ifiik,20,@CNN
0.0,Tue Mar 20 17:56:05 +0000 2018,0.0,1.0,0.0,"White House press secretary Sarah Sanders is holding a press briefing.

Follow live updates:… https://t.co/xKKp32JIQS",21,@CNN
0.5574,Tue Mar 20 17:50:06 +0000 2018,0.0,0.723,0.277,Donald Trump is done playing nice with Bob Mueller | Analysis by @CillizzaCNN https://t.co/fWTuChI6rG https://t.co/jBQ2qUMvD1,22,@CNN
-0.1027,Tue Mar 20 17:40:51 +0000 2018,0.14,0.736,0.124,The world's last male northern white rhino has died leaving only two females left to save the subspecies from extin… https://t.co/a89i3Tc3Am,23,@CNN
-0.4019,Tue Mar 20 17:36:47 +0000 2018,0.137,0.863,0.0,Republican Gov. Larry Hogan following the shooting at a Maryland high school that injured two students: “It’s tragi… https://t.co/FcThdax1xR,24,@CNN
0.0,Tue Mar 20 17:30:07 +0000 2018,0.0,1.0,0.0,Conservation groups sue to overturn the Trump administration's trophy hunting decision https://t.co/TrWv2rEaxF https://t.co/dZu9mPtjHb,25,@CNN
0.0,Tue Mar 20 17:20:06 +0000 2018,0.0,1.0,0.0,"Within minutes of news of yet another school shooting, survivors of last month's massacre at a high school in Parkl… https://t.co/5iSFYxSJ7A",26,@CNN
0.4215,Tue Mar 20 17:10:08 +0000 2018,0.0,0.833,0.167,United Airlines says it is suspending a program that transports pets in cargo holds https://t.co/Fbamn4NEIp https://t.co/R19QomWoRf,27,@CNN
0.5598,Tue Mar 20 17:00:10 +0000 2018,0.0,0.847,0.153,"Michelle Obama is so popular she needed more space. The painting of the former first lady, unveiled at the Smithson… https://t.co/MVW21uSZx2",28,@CNN
-0.3612,Tue Mar 20 17:00:08 +0000 2018,0.143,0.857,0.0,The National Rifle Association is criticizing Florida's Republican House Speaker Richard Corcoran for his comments… https://t.co/1tYOw2EkR3,29,@CNN
0.5267,Tue Mar 20 16:54:35 +0000 2018,0.0,0.825,0.175,President Trump says he congratulated Vladimir Putin on winning the Russian presidential election. Trump also spoke… https://t.co/U6o1ceKRp3,30,@CNN
0.296,Tue Mar 20 16:50:13 +0000 2018,0.0,0.905,0.095,Facebook's stock is sliding for the second day in a row. Shares fell another 5% Tuesday on the heels of the company… https://t.co/JfWDwvn2fe,31,@CNN
0.0,Tue Mar 20 16:40:08 +0000 2018,0.0,1.0,0.0,Ohio might soon have an official state dog. 12 other states already do: https://t.co/qGUIsaFzjt https://t.co/i572sStWij,32,@CNN
-0.5956,Tue Mar 20 16:34:14 +0000 2018,0.177,0.823,0.0,"President Trump: “The bombings in Austin are terrible… This is obviously a very, very sick individual or maybe indi… https://t.co/tGYi0x7G2C",33,@CNN
0.1779,Tue Mar 20 16:29:17 +0000 2018,0.0,0.876,0.124,Amazon CEO Jeff Bezos took a robot dog named SpotMini for a walk https://t.co/5gPk9Mg8l2 https://t.co/E4SCrpVtQn,34,@CNN
-0.0572,Tue Mar 20 16:23:02 +0000 2018,0.111,0.788,0.1,"House Speaker Paul Ryan says he received ""assurances"" that President Trump is not considering firing special counse… https://t.co/AxtE5K2URe",35,@CNN
0.5267,Tue Mar 20 16:10:09 +0000 2018,0.0,0.815,0.185,President Trump congratulated Russia President Vladimir Putin on winning the Russian presidential election in a tel… https://t.co/OvLi4xk6AT,36,@CNN
0.0,Tue Mar 20 16:00:08 +0000 2018,0.0,1.0,0.0,CNN's @JakeTapper will interview former FBI Director James @Comey on April 19 https://t.co/8cPVW1mzfK https://t.co/L3ouls0rnK,37,@CNN
0.0,Tue Mar 20 15:52:08 +0000 2018,0.0,1.0,0.0,"K-pop group Red Velvet will be part of a group of South Korean pop stars who will be performing in Pyongyang, North… https://t.co/cWIpgYpowK",38,@CNN
-0.4019,Tue Mar 20 15:41:19 +0000 2018,0.137,0.863,0.0,Sheriff: Two students were injured during the shooting at a Maryland high school Tuesday morning just before classe… https://t.co/OBgR6SUZWq,39,@CNN
0.0,Tue Mar 20 15:30:07 +0000 2018,0.0,1.0,0.0,96-year-old style icon Iris Apfel has become the oldest person ever to be immortalized as a Barbie doll… https://t.co/eXRHiRNKzC,40,@CNN
0.0,Tue Mar 20 15:29:39 +0000 2018,0.0,1.0,0.0,"Officials in Maryland are holding a briefing on the shooting at a high school there earlier this morning.

Watch:… https://t.co/nQzePg5pH7",41,@CNN
0.0,Tue Mar 20 15:18:24 +0000 2018,0.0,1.0,0.0,"Police chief: A package exploded while traveling along an automated conveyor belt at the Schertz, Texas, FedEx faci… https://t.co/MiztO7K2Tc",42,@CNN
0.0,Tue Mar 20 15:11:58 +0000 2018,0.0,1.0,0.0,"Officials are holding a briefing following an explosion this morning at a FedEx facility near San Antonio.

Follow… https://t.co/zWpHuePVyO",43,@CNN
-0.5423,Tue Mar 20 14:57:55 +0000 2018,0.143,0.857,0.0,Tens of millions of people in some of the world's poorest areas could be displaced by climate change in just a few… https://t.co/4VdsGJUKO3,44,@CNN
0.7579,Tue Mar 20 14:43:52 +0000 2018,0.097,0.609,0.294,"At least 3 people are injured after the shooting this morning at Great Mills High School in Great Mills, Maryland,… https://t.co/kFiLlST9Iy",45,@CNN
0.0,Tue Mar 20 14:30:20 +0000 2018,0.0,1.0,0.0,Your personal information is Facebook's currency. It's bought and sold every day. https://t.co/oRq26svDwq,46,@CNN
-0.7366,Tue Mar 20 14:20:09 +0000 2018,0.293,0.707,0.0,"President Trump's opioid plan to kill drug dealers is about vengeance, not solutions, @fordvox writes for… https://t.co/I0MD7e2zSB",47,@CNN
0.0,Tue Mar 20 14:10:13 +0000 2018,0.0,1.0,0.0,"There has been, on average, 1 school shooting every week this year https://t.co/TFkgODHjDU https://t.co/7IK0NtPsKM",48,@CNN
-0.4939,Tue Mar 20 14:00:06 +0000 2018,0.144,0.856,0.0,"""We swipe left on your attempted scare tactics"": Female-friendly dating app Bumble took out a full-page ad in the N… https://t.co/vSfrhdNOEM",49,@CNN
-0.3612,Tue Mar 20 13:54:35 +0000 2018,0.122,0.878,0.0,"JUST IN: Police in Austin, Texas, are responding to a suspicious package at another FedEx facility.

A package at a… https://t.co/vXcO9lzCIQ",50,@CNN
-0.6249,Tue Mar 20 13:40:06 +0000 2018,0.272,0.728,0.0,This is how lawmakers plan to end the opioid crisis https://t.co/RqCTL6Eiue https://t.co/Ds0C57hAMl,51,@CNN
0.0,Tue Mar 20 13:30:30 +0000 2018,0.0,1.0,0.0,Former Cambridge Analytica contractor Christopher Wylie tells CNN’s @donlemon that he helped build a “psychological… https://t.co/mlsw9O6OY4,52,@CNN
0.8481,Tue Mar 20 13:14:24 +0000 2018,0.0,0.687,0.313,"Here’s a look from the scene outside Great Mills High School in Great Mills, Maryland, which is currently on lockdo… https://t.co/HqZMB7Gxd9",53,@CNN
0.6249,Tue Mar 20 13:07:20 +0000 2018,0.0,0.823,0.177,"Agents with the FBI and ATF are responding to the reported shooting at a high school in Great Mills, Maryland… https://t.co/i1vl1AHwUU",54,@CNN
0.0,Tue Mar 20 12:51:57 +0000 2018,0.0,1.0,0.0,"The school is on lock down, according to the school district, and the incident has been contained.

Follow for upda… https://t.co/M0I07ONc4n",55,@CNN
0.8481,Tue Mar 20 12:43:12 +0000 2018,0.0,0.687,0.313,BREAKING: St. Mary’s County Public Schools says there has been a shooting at Great Mills High School in Great Mills… https://t.co/n1lLVTSzGv,56,@CNN
0.0,Tue Mar 20 12:40:06 +0000 2018,0.0,1.0,0.0,Delta Airlines misrouted an Idaho man's 8-week-old puppy on a cross-country trip -- landing in Las Vegas and Salt L… https://t.co/zWB4sbm1iG,57,@CNN
-0.4767,Tue Mar 20 12:30:03 +0000 2018,0.14,0.86,0.0,The younger brother of the Parkland gunman was arrested Monday for trespassing on the campus of Marjory Stoneman Do… https://t.co/4EvL7EBc6E,58,@CNN
0.0,Tue Mar 20 12:20:12 +0000 2018,0.0,1.0,0.0,Robert Mueller has Donald Trump in a box. | Analysis by @StCollinson https://t.co/EenPN3xyq7 https://t.co/47ImR1v3zj,59,@CNN
-0.6369,Tue Mar 20 12:10:08 +0000 2018,0.226,0.704,0.07,A load of gold worth up to $54 million went missing during the Civil War. There may be a break in the case.… https://t.co/0JhOYk2vaw,60,@CNN
0.34,Tue Mar 20 12:00:11 +0000 2018,0.0,0.882,0.118,"Facebook's value plunges $37 billion on news that data firm Cambridge Analytica, which had ties to Trump's campaign… https://t.co/pTaWnIxceP",61,@CNN
-0.1027,Tue Mar 20 11:53:06 +0000 2018,0.14,0.736,0.124,"The world's last male northern white rhino has died, leaving only two females left to save the subspecies from exti… https://t.co/xDwFSk3ndr",62,@CNN
0.0,Tue Mar 20 11:45:57 +0000 2018,0.0,1.0,0.0,Former Vice President Joe Biden will meet with Latino leaders at a fundraiser in Miami today https://t.co/sWcY9CXY0L https://t.co/VyVTe1T19P,63,@CNN
-0.25,Tue Mar 20 11:30:15 +0000 2018,0.1,0.9,0.0,"Possible tornadoes were reported to have torn apart homes, shredded buildings and knocked down power lines and tree… https://t.co/TXsjyjVDir",64,@CNN
-0.7506,Tue Mar 20 11:19:03 +0000 2018,0.46,0.404,0.136,How your next meal could help fight depression and stress https://t.co/cCJz0V12Ch https://t.co/fSeewTLfUu,65,@CNN
-0.5994,Tue Mar 20 11:06:48 +0000 2018,0.196,0.804,0.0,"5 things for Tuesday:

- Russia investigation
- ISIS in Syria
- Self-driving car death
- China &amp; Taiwan
- Turpin ch… https://t.co/hoVqpGDsb8",66,@CNN
0.0,Tue Mar 20 10:51:45 +0000 2018,0.0,1.0,0.0,BREAKING: An explosion overnight at a FedEx facility near San Antonio may be linked with four recent blasts in Aust… https://t.co/tnjvBwBl1g,67,@CNN
0.0,Tue Mar 20 10:41:37 +0000 2018,0.0,1.0,0.0,The data scientist who gathered info on millions of Facebook users for a firm tied to Trump's campaign says he'd be… https://t.co/K5Yh5bcdSA,68,@CNN
-0.5423,Tue Mar 20 10:27:38 +0000 2018,0.143,0.857,0.0,Tens of millions of people in some of the world's poorest areas could be displaced by climate change in just a few… https://t.co/NVtwsC6Npy,69,@CNN
-0.1027,Tue Mar 20 10:14:36 +0000 2018,0.145,0.726,0.129,The world's last male northern white rhino has died. Now experts are turning to science to save the subspecies https://t.co/7uqlVnwKS9,70,@CNN
0.25,Tue Mar 20 08:44:25 +0000 2018,0.0,0.895,0.105,US President Trump has signed an executive order banning US citizens from buying Venezuela's newly created cryptocu… https://t.co/oOwF0OTrNm,71,@CNN
0.0,Tue Mar 20 08:31:41 +0000 2018,0.0,1.0,0.0,This village in China is a modern-day shrine to President Xi Jinping. CNN paid a visit and were followed by securit… https://t.co/CFX3QycJcJ,72,@CNN
-0.8979,Tue Mar 20 08:19:01 +0000 2018,0.398,0.602,0.0,"""All acts and tricks to split the motherland are doomed to failure and will be condemned by the people and punished… https://t.co/oD9PrLELgu",73,@CNN
0.0,Tue Mar 20 08:07:55 +0000 2018,0.0,1.0,0.0,Delta Airlines misrouted an Idaho man's 8-week-old puppy on a cross-country trip -- landing in Las Vegas and Salt L… https://t.co/FOkdT3e1Y7,74,@CNN
0.0,Tue Mar 20 08:01:01 +0000 2018,0.0,1.0,0.0,"Neanderthals, Denisovans and our ancestors were mixing and mingling a long time ago -- and some of our genetics can… https://t.co/VkXGPKzK9N",75,@CNN
-0.7269,Tue Mar 20 07:53:09 +0000 2018,0.276,0.724,0.0,"The Cambridge Analytica scandal has done immense damage to the Facebook brand, sources across the company believe… https://t.co/EjcHYYvul9",76,@CNN
0.34,Tue Mar 20 07:42:06 +0000 2018,0.0,0.882,0.118,"Facebook's value plunges $37 billion on news that data firm Cambridge Analytica, which had ties to Trump's campaign… https://t.co/2N2l7AoNZ7",77,@CNN
-0.3818,Tue Mar 20 07:31:09 +0000 2018,0.106,0.894,0.0,Patients who visit emergency rooms are getting hit with sky-high bills. Spending on an ER visit in the US rose to $… https://t.co/1TvD7xi3ZD,78,@CNN
0.0,Tue Mar 20 07:17:12 +0000 2018,0.0,1.0,0.0,"How a designer got his scarf into ""Black Panther"" https://t.co/PZFJ6EQBGX https://t.co/5afeV6hll3",79,@CNN
0.0,Tue Mar 20 07:01:03 +0000 2018,0.0,1.0,0.0,This single mother and her four children were living out of their car. Then a cop decided he had to do something.… https://t.co/OHbvJtH2mU,80,@CNN
0.0,Tue Mar 20 06:57:03 +0000 2018,0.0,1.0,0.0,The US announces the start date for its annual military exercises with South Korea as President Trump readies for a… https://t.co/XhKwzBWxnI,81,@CNN
0.0,Tue Mar 20 06:44:27 +0000 2018,0.0,1.0,0.0,Correction: This story has been updated to clarify that Sudan was a northern white rhino. https://t.co/sxb8eAeKcT https://t.co/3IAFpojlJK,82,@CNN
-0.1027,Tue Mar 20 06:33:32 +0000 2018,0.145,0.726,0.129,The world's last male white rhino has died leaving only two females left to save the species from extinction.… https://t.co/mN92F0nLwL,83,@CNN
0.25,Tue Mar 20 06:31:07 +0000 2018,0.212,0.481,0.308,9/11 hero who saved hundreds dies of cancer at age 45 https://t.co/RsYz8zDVX4 https://t.co/eAW7TRsPyD,84,@CNN
-0.7717,Tue Mar 20 06:10:42 +0000 2018,0.325,0.675,0.0,"Amnesty International has accused the Nigerian army of failing to act on ""advance warnings"" given a few hours befor… https://t.co/OzUer6y6xw",85,@CNN
-0.2263,Tue Mar 20 06:06:33 +0000 2018,0.106,0.894,0.0,"Undercover British television report is ""edited and scripted to grossly misrepresent the nature of those conversati… https://t.co/DQbCb3eF1W",86,@CNN
0.25,Tue Mar 20 06:01:04 +0000 2018,0.0,0.889,0.111,President Trump has signed an executive order banning US citizens from buying Venezuela's newly created cryptocurre… https://t.co/atpoLD928t,87,@CNN
0.7269,Tue Mar 20 05:50:55 +0000 2018,0.0,0.747,0.253,"A military band plays out the delegates in the Great Hall of the People, ending the 13th National People's Congress… https://t.co/kpJXcbpoep",88,@CNN
0.0,Tue Mar 20 05:31:05 +0000 2018,0.0,1.0,0.0,Your personal information is Facebook's currency. It's bought and sold every day. https://t.co/6s4nc2UgOs,89,@CNN
-0.8979,Tue Mar 20 05:26:27 +0000 2018,0.398,0.602,0.0,"""All acts and tricks to split the motherland are doomed to failure and will be condemned by the people and punished… https://t.co/MbjE8JbxyM",90,@CNN
0.0,Tue Mar 20 05:21:27 +0000 2018,0.0,1.0,0.0,"""Trump is Nixon on steroids and stilts.""

John Dean, who served as White House counsel for President Richard Nixon… https://t.co/BwMCukpgiN",91,@CNN
-0.6124,Tue Mar 20 05:10:16 +0000 2018,0.167,0.833,0.0,"Six months after Hurricane Maria devastated Puerto Rico, the news is the return of normalcy for some. But the road… https://t.co/EqmCCIZ98P",92,@CNN
-0.1689,Tue Mar 20 05:01:04 +0000 2018,0.094,0.906,0.0,"In 1999, there were more than 2 million pay phones across America. 100,000 are left today. https://t.co/YhVnkog7mu https://t.co/RdQyhgYJMW",93,@CNN
0.0,Tue Mar 20 04:57:54 +0000 2018,0.0,1.0,0.0,"(Correction) Ballerina Misty Copeland made history in 2015, becoming the 1st female African American principal danc… https://t.co/KX0wCvTVZ6",94,@CNN
-0.7269,Tue Mar 20 04:46:04 +0000 2018,0.276,0.724,0.0,"The Cambridge Analytica scandal has done immense damage to the Facebook brand, sources across the company believe… https://t.co/DdqhcY78x9",95,@CNN
0.0,Tue Mar 20 04:31:05 +0000 2018,0.0,1.0,0.0,96-year-old style icon Iris Apfel has become the oldest person ever to be immortalized as a Barbie doll… https://t.co/6dOW9LLZfx,96,@CNN
0.0,Tue Mar 20 04:21:24 +0000 2018,0.0,1.0,0.0,"Speaking at the closure of the 13th National People's Congress, Chinese President Xi Jinping delivered a confident,… https://t.co/OxfcUDYKkw",97,@CNN
-0.8126,Tue Mar 20 04:16:42 +0000 2018,0.33,0.67,0.0,"""President Trump is acting guilty as hell going after Mueller,"" says Democratic Sen. Chris Van Hollen… https://t.co/beD34Po0QU",98,@CNN
-0.7579,Tue Mar 20 04:14:25 +0000 2018,0.277,0.723,0.0,The studio co-founded by disgraced movie mogul Harvey Weinstein has been crippled by the sexual harassment and assa… https://t.co/gKN3STMjVu,99,@CNN
-0.6705,Tue Mar 20 19:40:00 +0000 2018,0.478,0.522,0.0,Judge temporarily blocks Mississippi's 15-week abortion ban https://t.co/lICLjs5Jkg,0,@FoxNews
0.0,Tue Mar 20 19:33:00 +0000 2018,0.0,1.0,0.0,Standoff underway with gunman at Panera Bread near Princeton University https://t.co/17HF0KDZpc,1,@FoxNews
-0.4019,Tue Mar 20 19:25:13 +0000 2018,0.172,0.828,0.0,"Southern California town stands up to state, votes to reject sanctuary law https://t.co/UCWhWd0DR2 https://t.co/MaTtdjwTLd",2,@FoxNews
0.0,Tue Mar 20 19:20:15 +0000 2018,0.0,1.0,0.0,"Obama 2012 campaign 'sucked' data from Facebook, former official says https://t.co/uwr2aNQvJm",3,@FoxNews
0.0,Tue Mar 20 19:04:13 +0000 2018,0.0,1.0,0.0,"Texas bomber is 'very sick,' 'we will get to the bottom of it,' #Trump says
  https://t.co/aMQSluJKd8",4,@FoxNews
0.3818,Tue Mar 20 18:54:48 +0000 2018,0.0,0.885,0.115,".@POTUS: ""My priority and the priority of my administration is to serve, protect, and defend the citizens of the Un… https://t.co/R8dS17CB2W",5,@FoxNews
-0.2732,Tue Mar 20 18:31:45 +0000 2018,0.182,0.69,0.128,".@POTUS: ""Democrats' priority is to protect criminals, not to do what's right for our country."" https://t.co/fTUaDMFjPQ",6,@FoxNews
0.4404,Tue Mar 20 18:29:18 +0000 2018,0.0,0.775,0.225,".@POTUS on sanctuary cities: ""We're looking to have safe cities."" https://t.co/6AY6AcDl2k",7,@FoxNews
0.6124,Tue Mar 20 18:28:09 +0000 2018,0.0,0.737,0.263,".@POTUS: ""Sanctuary cities and states like California put Americans at the mercy of hardened criminals."" https://t.co/Eu5NBfRrHc",8,@FoxNews
0.0,Tue Mar 20 18:23:08 +0000 2018,0.0,1.0,0.0,.@POTUS hosts a law enforcement roundtable on sanctuary cities https://t.co/glcoatPpJ0,9,@FoxNews
0.1761,Tue Mar 20 18:15:32 +0000 2018,0.095,0.779,0.125,.@PressSec: “The president has been very clear about the fact that there was no collusion between his campaign and… https://t.co/pegl4CWkF6,10,@FoxNews
0.0772,Tue Mar 20 18:10:43 +0000 2018,0.0,0.885,0.115,.@PressSec: “We want to continue to have a dialogue with Russia.” https://t.co/yMGUy8RMq6,11,@FoxNews
-0.3182,Tue Mar 20 18:09:42 +0000 2018,0.119,0.881,0.0,.@PressSec on Texas bombings and Maryland school shooting: “Our thoughts and prayers are with the victims involved… https://t.co/ktpF9xU9DW,12,@FoxNews
-0.5267,Tue Mar 20 18:04:57 +0000 2018,0.167,0.833,0.0,.@PressSec: “Sanctuary jurisdictions release thousands of criminal aliens out of our prisons and jails and back int… https://t.co/7gRmhrSju7,13,@FoxNews
0.4767,Tue Mar 20 18:01:27 +0000 2018,0.0,0.846,0.154,"RT @FoxBusiness: .@PressSec: ""The @POTUS was proud to issue a proclamation declaring today the 45th annual Ag Day."" https://t.co/gLBI1Ezdms",14,@FoxNews
0.0,Tue Mar 20 17:54:26 +0000 2018,0.0,1.0,0.0,.@PressSec Sarah Sanders holds a briefing.  https://t.co/jrv6A3E2QF,15,@FoxNews
0.0,Tue Mar 20 17:45:00 +0000 2018,0.0,1.0,0.0,"Trump: Texas bomber is 'very sick,' says 'we will get to the bottom of it' https://t.co/SbphlBjk9v https://t.co/B6wwp7YDu6",16,@FoxNews
-0.3182,Tue Mar 20 17:42:56 +0000 2018,0.161,0.839,0.0,VIDEO: Tempers Flare as California City Opts Out of State's Sanctuary Law https://t.co/3OqABttkCi,17,@FoxNews
-0.4767,Tue Mar 20 17:30:21 +0000 2018,0.22,0.78,0.0,Maryland Governor @LarryHogan: “Our hearts are broken. We’re extremely saddened.” https://t.co/fQM8o6NGry https://t.co/jwVQXV9O6r,18,@FoxNews
0.0,Tue Mar 20 17:24:57 +0000 2018,0.0,1.0,0.0,News conference underway on Maryland school shooting https://t.co/fQM8o6NGry https://t.co/yln8IxxNZb,19,@FoxNews
-0.7184,Tue Mar 20 17:15:44 +0000 2018,0.261,0.739,0.0,"Breaking News: Minneapolis cop who fatally shot unarmed Australian woman in 2017 turns himself in, charged with mur… https://t.co/CpmXiihkWq",20,@FoxNews
0.0,Tue Mar 20 17:03:09 +0000 2018,0.0,1.0,0.0,"RT @EricShawnTV: If @POTUS @realDonaldTrump fires #RobertMueller, @TheDemocrats Rep. @RepSwalwell tells @FoxNews: ""Americans would take to…",21,@FoxNews
0.0,Tue Mar 20 16:53:01 +0000 2018,0.0,1.0,0.0,.@jasoninthehouse: “I don’t believe that Jeff Sessions is up to the job. I think the attorney general is inept and… https://t.co/KtkLqzkrFb,22,@FoxNews
0.0,Tue Mar 20 16:44:26 +0000 2018,0.0,1.0,0.0,"JUST IN: @POTUS: Texas bomber is 'very sick,' says 'we will get to the bottom of it' https://t.co/X6tqZknk4Z",23,@FoxNews
-0.5994,Tue Mar 20 16:37:16 +0000 2018,0.262,0.738,0.0,"100-year-old runner, a World War II vet, sets 5 new world track records https://t.co/0mJ8ZVGtX4",24,@FoxNews
0.0,Tue Mar 20 16:35:08 +0000 2018,0.0,1.0,0.0,".@POTUS: “I had a call with President Putin and congratulated him on the victory, his electoral victory… We will pr… https://t.co/NGgamhJmKt",25,@FoxNews
-0.5956,Tue Mar 20 16:31:46 +0000 2018,0.185,0.815,0.0,".@POTUS: “The bombings in Austin are terrible… This is obviously a very, very sick individual or maybe individuals.” https://t.co/mwzDwHD6gg",26,@FoxNews
0.0,Tue Mar 20 16:05:37 +0000 2018,0.0,1.0,0.0,College student reinstated after 18-day exile from Christianity class for gender speech (via @calebparke) https://t.co/BGlUJQvOVa,27,@FoxNews
0.0,Tue Mar 20 16:03:24 +0000 2018,0.0,1.0,0.0,First day of spring arrives: 5 things to know about the vernal equinox https://t.co/JOBsioj868,28,@FoxNews
0.674,Tue Mar 20 16:00:54 +0000 2018,0.08,0.623,0.297,OPINION: Supreme Court should not allow California to force pro-life pregnancy centers to promote abortion https://t.co/BcQ2tnQo5l,29,@FoxNews
0.7506,Tue Mar 20 15:54:47 +0000 2018,0.0,0.632,0.368,.@Walmart customer's kind gesture for veteran goes viral: 'I'm grateful for you' https://t.co/ILmK3OL7Eu,30,@FoxNews
0.5994,Tue Mar 20 15:46:17 +0000 2018,0.0,0.671,0.329,"House GOP leaders McCarthy, Scalise join calls for second special counsel https://t.co/4mNPCakvKX",31,@FoxNews
-0.4215,Tue Mar 20 15:46:00 +0000 2018,0.268,0.606,0.126,"Silence from Zuckerberg, Sandberg on Facebook scandal like putting 'gasoline on the fire' https://t.co/DDmREhgSaF… https://t.co/iEzajw3ELX",32,@FoxNews
-0.34,Tue Mar 20 15:44:38 +0000 2018,0.156,0.844,0.0,Man with gun reported at Panera Bread restaurant near Princeton University (via: @luciasuarezsang) https://t.co/4tG0INB8d5,33,@FoxNews
-0.4404,Tue Mar 20 15:41:32 +0000 2018,0.29,0.539,0.17,"JUST IN: Shooter dead, two injured after shooting at Great Mills High School in Maryland https://t.co/PR7p3gulEQ",34,@FoxNews
0.0,Tue Mar 20 15:34:29 +0000 2018,0.0,1.0,0.0,Officials give an update on the school shooting in Maryland https://t.co/fQM8o6NGry https://t.co/FkV7sdojWv,35,@FoxNews
-0.128,Tue Mar 20 15:28:00 +0000 2018,0.168,0.694,0.139,"Facebook data scandal: Social network's security chief in spotlight, reportedly leaving this year… https://t.co/7a8acG1dsQ",36,@FoxNews
-0.25,Tue Mar 20 15:18:24 +0000 2018,0.2,0.8,0.0,Expelled Russian diplomats begin trek back to Moscow https://t.co/jfxuSx4KFH,37,@FoxNews
0.6249,Tue Mar 20 15:17:40 +0000 2018,0.0,0.76,0.24,Shooting at Great Mills High School in Maryland injures at least three people https://t.co/PR7p3gulEQ,38,@FoxNews
0.0,Tue Mar 20 15:14:03 +0000 2018,0.0,1.0,0.0,"Spring nor'easter could bring upwards of 18 inches of snow, hampering Wednesday commute https://t.co/mk24na0mFc",39,@FoxNews
0.296,Tue Mar 20 15:10:58 +0000 2018,0.0,0.872,0.128,Crews Work to Restore Puerto Rico’s Power Grid Six Months after Hurricane Maria; @BryanLlenas reports https://t.co/KwHQaB0f5x,40,@FoxNews
0.0,Tue Mar 20 15:10:14 +0000 2018,0.0,1.0,0.0,Authorities hold news conference on explosion at Texas @FedEx plant https://t.co/X5flwoWkDc https://t.co/hoJFFi0daN,41,@FoxNews
0.4005,Tue Mar 20 15:00:26 +0000 2018,0.0,0.881,0.119,".@RepSwalwell: “If the president is completely innocent, he should just cooperate and get out of the way of this in… https://t.co/3fTIQNRzOa",42,@FoxNews
-0.7579,Tue Mar 20 14:59:51 +0000 2018,0.302,0.698,0.0,.@RepSwalwell: “I think it would cause a constitutional crisis if the president were able to fire [Mueller].” https://t.co/oQpFv4Jmdg,43,@FoxNews
0.0,Tue Mar 20 14:54:42 +0000 2018,0.0,1.0,0.0,.@RepSwalwell: “We should act immediately to preserve Bob Mueller’s role.” https://t.co/pfJtzoMCpg,44,@FoxNews
-0.4019,Tue Mar 20 14:51:47 +0000 2018,0.184,0.816,0.0,"Southern California town stands up to state, votes to reject sanctuary law https://t.co/UCWhWd0DR2",45,@FoxNews
0.0,Tue Mar 20 14:50:58 +0000 2018,0.0,1.0,0.0,RT @MikeEmanuelFox: Congress still wrestling with a $1.3 trillion Omnibus funding package-facing a Friday night deadline-from @AmericaNewsr…,46,@FoxNews
-0.5574,Tue Mar 20 14:48:56 +0000 2018,0.175,0.825,0.0,".@RajShah45: “We think that the DACA program, which President Obama put into effect, is illegal and unconstitutiona… https://t.co/4LUKeEULYx",47,@FoxNews
0.4939,Tue Mar 20 14:45:51 +0000 2018,0.0,0.868,0.132,.@RajShah45: “We remain confident that by the end of the week we’re going to have a funding bill that funds this Wh… https://t.co/RI6EK8Tmj4,48,@FoxNews
-0.5065,Tue Mar 20 14:41:33 +0000 2018,0.204,0.743,0.052,".@RajShah45: “The president maintains that there was no collusion, no obstruction in this matter and… once the spec… https://t.co/cFXXkLBS4m",49,@FoxNews
0.0,Tue Mar 20 14:34:20 +0000 2018,0.0,1.0,0.0,.@VP Mike Pence delivers remarks commemorating @POTUS’s National Agriculture Day proclamation. https://t.co/fJArfSD6YY,50,@FoxNews
-0.6979,Tue Mar 20 14:32:40 +0000 2018,0.285,0.715,0.0,"RT @FoxBusiness: ""We aren't interested in being PC, we aren't interested in being packaged, we're interested in being authentic.""

@EKANard…",51,@FoxNews
0.0,Tue Mar 20 14:28:45 +0000 2018,0.0,1.0,0.0,".@newtgingrich: “Every time the president tweets about Robert Mueller, he makes Mueller bigger and more important.” https://t.co/njql6cmpCp",52,@FoxNews
0.0,Tue Mar 20 14:18:16 +0000 2018,0.0,1.0,0.0,RT @FoxBusiness: #BreakingNews: @FedEx responds to explosion at facility near San Antonio. https://t.co/cD1ujWSnFY,53,@FoxNews
0.4939,Tue Mar 20 14:17:52 +0000 2018,0.0,0.856,0.144,"RT @FoxBusiness: .@charlipence on @iamjohnoliver's parody book on the second family's pet bunny: ""His book is contributing to charities tha…",54,@FoxNews
0.0,Tue Mar 20 14:00:08 +0000 2018,0.0,1.0,0.0,.@GOP leaders hold a news conference https://t.co/5IYWv0tMVJ,55,@FoxNews
0.3612,Tue Mar 20 13:37:05 +0000 2018,0.0,0.839,0.161,.@cvpayne on Wealthy Dems' Town Hall on Income Inequality: The 'Hypocrisy' Goes On https://t.co/Yt7Vex0DUO,56,@FoxNews
0.0,Tue Mar 20 13:22:50 +0000 2018,0.0,1.0,0.0,Disney to make live-action 'Lady and the Tramp' adaptation https://t.co/wB774V3s96,57,@FoxNews
0.4019,Tue Mar 20 13:17:54 +0000 2018,0.0,0.886,0.114,.@SenJohnKennedy: “The real issue in the budget is how can we properly fund the fence? How can we properly help our… https://t.co/q9jaM1xYVx,58,@FoxNews
-0.3818,Tue Mar 20 13:14:58 +0000 2018,0.191,0.809,0.0,.@SenJohnKennedy: “We need a budget. It’s embarrassing that we don’t have one.” https://t.co/GVm2rr98Zf,59,@FoxNews
0.0,Tue Mar 20 13:11:45 +0000 2018,0.0,1.0,0.0,"Device explodes in FedEx building outside San Antonio, police say (via @RyanGaydos @travfed)  https://t.co/fqlCo4ZcKf",60,@FoxNews
0.0,Tue Mar 20 12:56:56 +0000 2018,0.0,1.0,0.0,"RT @FoxBusiness: Volkswagen to build new SUV at Tennessee plant, invest $340M https://t.co/zGiebJcleQ https://t.co/82YePpALMY",61,@FoxNews
-0.4215,Tue Mar 20 12:55:20 +0000 2018,0.152,0.784,0.064,.@PressSec: “Sanctuary cities are a dangerous thing… When cities start picking and choosing laws that they want to… https://t.co/6uaFY6NomM,62,@FoxNews
0.0,Tue Mar 20 12:50:16 +0000 2018,0.0,1.0,0.0,.@PressSec: “The Democrats would much rather use DACA recipients as pawns instead of actually putting real solution… https://t.co/jglYrrBerZ,63,@FoxNews
0.6249,Tue Mar 20 12:43:18 +0000 2018,0.0,0.745,0.255,"JUST IN: Shooting at Great Mills High School in Maryland, school confirms https://t.co/PR7p3gulEQ",64,@FoxNews
-0.3182,Tue Mar 20 12:33:00 +0000 2018,0.231,0.769,0.0,.@JessicaTarlov: “I think Hillary Clinton is genuinely sorry that she offended anyone.” https://t.co/UOh5woSUKR,65,@FoxNews
-0.7269,Tue Mar 20 12:26:59 +0000 2018,0.604,0.396,0.0,Austin package bomb attacks timeline https://t.co/i519X5gFs5,66,@FoxNews
-0.8176,Tue Mar 20 12:12:41 +0000 2018,0.349,0.651,0.0,China's Xi takes swipe at Trump's new 'doomed to failure' Taiwan policy in nationalistic speech https://t.co/gMVXLkYPSs,67,@FoxNews
0.1695,Tue Mar 20 11:58:45 +0000 2018,0.124,0.715,0.161,Shelley Hasselbrink on @foxandfriends: “We need to not support illegal anything in our city.”… https://t.co/nt2OQNrDi7,68,@FoxNews
-0.296,Tue Mar 20 11:51:24 +0000 2018,0.216,0.784,0.0,Students volunteer to lower and fold flag @foxandfriends https://t.co/Z2a5vECREF,69,@FoxNews
0.0,Tue Mar 20 11:40:50 +0000 2018,0.0,1.0,0.0,"Device explodes in FedEx building outside San Antonio, police say https://t.co/X5flwoWkDc https://t.co/WT7b1ypnLm",70,@FoxNews
-0.2263,Tue Mar 20 11:33:15 +0000 2018,0.079,0.921,0.0,Mark Penn on @HillaryClinton: “It’s time for her to talk about the issues that she spent her life on. Forget the el… https://t.co/YrJzEDXDAD,71,@FoxNews
-0.4767,Tue Mar 20 11:15:08 +0000 2018,0.272,0.728,0.0,John Oliver slammed for 'controversial and partisan' mockery of Pence family bunny https://t.co/VZBU4q9OV2,72,@FoxNews
0.0516,Tue Mar 20 11:11:58 +0000 2018,0.168,0.652,0.179,OPINION: Cal Thomas: California's pro-abortion FACT Act is an attack on free speech https://t.co/GVHx2n5X6M,73,@FoxNews
0.0,Tue Mar 20 11:08:29 +0000 2018,0.0,1.0,0.0,.@Judgenap and @foxandfriends: “Congress and the states can’t force speech…The government can’t force you to expres… https://t.co/r0onh4zRKS,74,@FoxNews
-0.4019,Tue Mar 20 11:03:21 +0000 2018,0.184,0.816,0.0,"Southern California town stands up to state, votes to reject sanctuary law https://t.co/UCWhWd0DR2",75,@FoxNews
0.0,Tue Mar 20 11:00:09 +0000 2018,0.0,1.0,0.0,"UPDATE: San Antonio FedEx blast likely linked to Austin bombings, FBI says https://t.co/ATafK5ix9q",76,@FoxNews
0.6597,Tue Mar 20 10:55:09 +0000 2018,0.131,0.508,0.36,"OPINION: Retired US, British and French top generals: In a dangerous world, everyone needs trustworthy friends https://t.co/2STh0ZKUaW",77,@FoxNews
-0.6249,Tue Mar 20 10:53:44 +0000 2018,0.204,0.796,0.0,.@cvpayne on @foxandfriends: “Everywhere where progressives have been in control…they are the worst places in this… https://t.co/CGkhXK38Mq,78,@FoxNews
0.0,Tue Mar 20 10:48:15 +0000 2018,0.0,1.0,0.0,.@JaniceDean gives an update on the weather on @foxandfriends https://t.co/fz3Gjg2Rm2,79,@FoxNews
0.0,Tue Mar 20 10:43:10 +0000 2018,0.0,1.0,0.0,"Device explodes in FedEx building outside San Antonio, police say https://t.co/fqlCo4ZcKf  @ToddPiro https://t.co/oeyNdDyV8m",80,@FoxNews
-0.3182,Tue Mar 20 10:34:28 +0000 2018,0.202,0.798,0.0,.@JessicaTarlov on @foxandfriends: “I think Hillary Clinton is genuinely sorry that she offended anyone.” https://t.co/YGJFlzp2cT,81,@FoxNews
0.6557,Tue Mar 20 10:30:01 +0000 2018,0.0,0.77,0.23,".@POTUS on drug traffickers: “My Department of Justice will be seeking so many, much tougher penalties than we’ve e… https://t.co/hXtL5sIoR9",82,@FoxNews
0.0,Tue Mar 20 10:27:41 +0000 2018,0.0,1.0,0.0,Terry Turchie on device explosion at a FedEx facility in Texas @foxandfriends https://t.co/fqlCo4ZcKf https://t.co/RsiHNjun4u,83,@FoxNews
-0.4767,Tue Mar 20 10:19:25 +0000 2018,0.256,0.744,0.0,Uber's self-driving car accident latest hit to ride-share's reputation https://t.co/tmOkJ4SQ5w,84,@FoxNews
0.0,Tue Mar 20 10:15:00 +0000 2018,0.191,0.617,0.191,Arrested spring breakers flash big smiles on bus headed to jail https://t.co/152dQdRxCG,85,@FoxNews
-0.1027,Tue Mar 20 10:08:00 +0000 2018,0.062,0.938,0.0,".@POTUS: “We pay, as a country, so much more for drugs because of the drug lobbies &amp; other reasons…If you compare o… https://t.co/Vv2JZiD9IV",86,@FoxNews
0.0,Tue Mar 20 10:04:46 +0000 2018,0.0,1.0,0.0,"JUST IN: Device explodes in FedEx building outside San Antonio, police say https://t.co/fqlCo4ZcKf https://t.co/ViApZh4klP",87,@FoxNews
-0.7717,Tue Mar 20 10:00:03 +0000 2018,0.271,0.729,0.0,"During a speech about new efforts to fight the opioid crisis on Monday, @POTUS once again called for a border wall,… https://t.co/rRGzZsOkDV",88,@FoxNews
-0.7506,Tue Mar 20 09:51:01 +0000 2018,0.561,0.439,0.0,.@POTUS's initiative to stop opioid abuse https://t.co/oTcY26di0w,89,@FoxNews
-0.5574,Tue Mar 20 09:45:30 +0000 2018,0.231,0.769,0.0,Former French President Sarkozy placed in custody over illegal campaign funding: report https://t.co/mdZ2R02SbN,90,@FoxNews
-0.7184,Tue Mar 20 09:40:51 +0000 2018,0.261,0.739,0.0,".@jasoninthehouse on the firing of Andrew McCabe: ""You just don’t get fired overnight, this is something that proba… https://t.co/A2IbRlOZCX",91,@FoxNews
-0.5106,Tue Mar 20 09:30:01 +0000 2018,0.229,0.672,0.099,An 18-year-old gorilla at @phillyzoo hates to get his hands dirty. That’s why he sometimes walks upright like a hum… https://t.co/k3pwrSJqQn,92,@FoxNews
-0.4019,Tue Mar 20 09:22:27 +0000 2018,0.172,0.828,0.0,"Southern California town stands up to state, votes to reject sanctuary law https://t.co/UCWhWd0DR2 https://t.co/YIfVZPKOge",93,@FoxNews
0.0,Tue Mar 20 09:18:45 +0000 2018,0.0,1.0,0.0,"Chris Swecker: “The way the bombs are constructed, obviously this person has some skills.” https://t.co/77RBmNOnF1 https://t.co/EnMpBXAKAv",94,@FoxNews
0.0,Tue Mar 20 09:15:07 +0000 2018,0.0,1.0,0.0,‘Affluenza’ teen to be released from jail in 2 weeks https://t.co/QImhEbSBBx,95,@FoxNews
0.0,Tue Mar 20 09:15:00 +0000 2018,0.0,1.0,0.0,"White House, Dems restart negotiations over DACA, funding border wall https://t.co/dSnqiUcLxk",96,@FoxNews
0.0,Tue Mar 20 09:00:01 +0000 2018,0.0,1.0,0.0,".@IngrahamAngle: 'If Any Of Us Had Done What McCabe Did, We'd Already Be In Jail'  https://t.co/m8eZqyFH6r",97,@FoxNews
-0.1027,Tue Mar 20 08:53:02 +0000 2018,0.157,0.707,0.136,"Trey Songz arrested after allegedly punching woman at Los Angeles party, police say https://t.co/NuFQLhevoN (via @bdbrown473)",98,@FoxNews
-0.6249,Tue Mar 20 08:45:00 +0000 2018,0.421,0.579,0.0,Tucker Blasts 'Third-World Nonsense' Surrounding Andrew McCabe's Firing https://t.co/1yL4zv2yDD,99,@FoxNews
0.0,Tue Mar 20 19:38:26 +0000 2018,0.0,1.0,0.0,RT @NYTScience: Humans interbred with Neanderthals. Migrants from what is now Taiwan settled much of the remote Pacific. Once we knew littl…,0,@NYTimes
0.5719,Tue Mar 20 19:28:06 +0000 2018,0.0,0.773,0.227,"President Trump welcomed Saudi Arabia’s crown prince to the White House, reaffirming his endorsement of an ambitiou… https://t.co/i9PoQGBqNr",1,@NYTimes
-0.34,Tue Mar 20 19:19:51 +0000 2018,0.264,0.569,0.167,"Great Mills High School shooting updates:
• The suspect, Austin Wyatt Rollins, 17, was confirmed dead
• 16-year-old… https://t.co/Fb2juqoZBU",2,@NYTimes
-0.8934,Tue Mar 20 19:18:05 +0000 2018,0.416,0.584,0.0,The Minneapolis police officer who fatally shot an Australian woman last summer has been charged with murder https://t.co/ekXNYDvhch,3,@NYTimes
-0.6997,Tue Mar 20 19:08:05 +0000 2018,0.347,0.653,0.0,"RT @nytgraphics: How a self-driving Uber killed a pedestrian in Arizona.
https://t.co/Lkpqvmwfmu",4,@NYTimes
0.0,Tue Mar 20 18:58:06 +0000 2018,0.0,1.0,0.0,Authorities are scrambling for clues that could connect a package that exploded in San Antonio to the explosions in… https://t.co/vDdsdRmsxK,5,@NYTimes
0.0,Tue Mar 20 18:52:42 +0000 2018,0.0,1.0,0.0,This is a story about dogs at the movies https://t.co/8afzOXv0C1 https://t.co/U6jURj2LPl,6,@NYTimes
-0.3182,Tue Mar 20 18:48:05 +0000 2018,0.133,0.867,0.0,A California law that requires “crisis pregnancy centers” to provide information about abortion met a skeptical rec… https://t.co/rebHavwlUR,7,@NYTimes
0.0772,Tue Mar 20 18:38:03 +0000 2018,0.0,0.942,0.058,"RT @nytimesworld: As the number of mountaineers winding through the Everest region has multiplied, so has the trash — beer bottles, food ca…",8,@NYTimes
0.2732,Tue Mar 20 18:28:05 +0000 2018,0.0,0.89,0.11,RT @nytopinion: Running across a person who had committed genocide was always a possibility in Argentina in the 1990s https://t.co/5RTwC8va…,9,@NYTimes
0.4215,Tue Mar 20 18:18:04 +0000 2018,0.0,0.859,0.141,"If you liked Kim Kardashian on Facebook, researchers can tell how extroverted (very), conscientious (more than most… https://t.co/Cj11Mh00Kf",10,@NYTimes
-0.7184,Tue Mar 20 18:08:21 +0000 2018,0.28,0.72,0.0,"Cynthia Nixon, on her first full day as a candidate, wasted no time in confronting Gov. Cuomo in sharp and personal… https://t.co/dAknK25Uvi",11,@NYTimes
0.2263,Tue Mar 20 17:58:03 +0000 2018,0.068,0.821,0.111,"A Trump administration proposal would limit the ability of the U.S., Mexico and Canada to warn consumers about the… https://t.co/EcOckxj3e3",12,@NYTimes
-0.5267,Tue Mar 20 17:48:02 +0000 2018,0.134,0.866,0.0,"RT @nytimesarts: The story of ""Roxanne's Revenge"" and Roxanne Shanté, who paved the way for Foxy Brown, Lil' Kim, Cardi B and others https:…",13,@NYTimes
0.0,Tue Mar 20 17:41:09 +0000 2018,0.0,1.0,0.0,RT @jimrutenberg: EXCLUSIVE/BREAKING: Former Playboy model Karen McDougal sues to get out of “catch and kill” deal with National Enquirer p…,14,@NYTimes
0.2732,Tue Mar 20 17:35:50 +0000 2018,0.083,0.751,0.166,A former Playboy model who claimed she had an affair with Donald Trump is suing to be freed from a 2016 legal deal… https://t.co/0aeHzdcgS8,15,@NYTimes
-0.1027,Tue Mar 20 17:32:06 +0000 2018,0.091,0.909,0.0,Their pay has stood still. Now Oklahoma teachers could be the next to walk. https://t.co/vCjft7hP9f,16,@NYTimes
-0.5267,Tue Mar 20 17:22:07 +0000 2018,0.139,0.861,0.0,An NYC agency has documented every instance it believes it has caught an police officer lying. But of the 81 cases… https://t.co/DsQTOBOveR,17,@NYTimes
0.4939,Tue Mar 20 17:06:41 +0000 2018,0.0,0.842,0.158,"Breaking News: President Trump called Vladimir Putin to congratulate him for his re-election victory, days after th… https://t.co/OlTzbOBXZ6",18,@NYTimes
0.101,Tue Mar 20 17:02:05 +0000 2018,0.097,0.792,0.111,"RT @jeligon: “One of the most popular liberal post-racial ideas is the idea that the fundamental problem is class and not race, and clearly…",19,@NYTimes
-0.34,Tue Mar 20 16:55:48 +0000 2018,0.244,0.602,0.154,"• The shooting suspect in the Great Mills high school shooting has been confirmed dead.
• Two students were injured… https://t.co/pvsZWuCHWZ",20,@NYTimes
0.0,Tue Mar 20 16:52:05 +0000 2018,0.0,1.0,0.0,Mississippi's governor is expected to pick the state's agricultural commissioner — who would be the first woman to… https://t.co/w8trN1KI4m,21,@NYTimes
0.0,Tue Mar 20 16:42:04 +0000 2018,0.0,1.0,0.0,"Next month, the U.S. economic recovery will become the second-longest on record. Here's how it might end. https://t.co/2mLbMtzQCy",22,@NYTimes
0.3612,Tue Mar 20 16:32:05 +0000 2018,0.0,0.783,0.217,Are you ready to quit Facebook? (From March 2017) https://t.co/AJ0vqx0nui,23,@NYTimes
-0.1531,Tue Mar 20 16:22:24 +0000 2018,0.088,0.846,0.065,"Larry Kwong, the NHL's first player of Asian descent, has died at 94. He played only one game in 1948, but that was… https://t.co/h5RRO4pGmH",24,@NYTimes
0.0,Tue Mar 20 16:12:05 +0000 2018,0.0,1.0,0.0,"Canada's outdoor rinks are melting. And with them, so is a way of life. https://t.co/lilvF3C3kS",25,@NYTimes
-0.2732,Tue Mar 20 16:02:04 +0000 2018,0.084,0.916,0.0,RT @nytlizrobbins: Is he New York state's Joe Arpaio? A lone New York sheriff signs up to aid immigration crackdown. He says it's for publi…,26,@NYTimes
0.296,Tue Mar 20 15:52:08 +0000 2018,0.113,0.721,0.167,"La Borinqueña, a Puerto Rican heroine, will be fighting alongside Wonder Woman, Batman, Superman and other DC Comic… https://t.co/gXwfwlBS3T",27,@NYTimes
-0.5106,Tue Mar 20 15:42:03 +0000 2018,0.136,0.864,0.0,"RT @nytpolitics: Ben Carson told a House committee he failed to adhere to a federal spending cap for the purchase of a $31,000 mahogany din…",28,@NYTimes
0.0,Tue Mar 20 15:38:33 +0000 2018,0.0,1.0,0.0,"Ben Carson said the purchase of a $31,000 dining room set for his office wasn't about decoration. It was about safe… https://t.co/ZLE7c2NQuY",29,@NYTimes
-0.5574,Tue Mar 20 15:32:04 +0000 2018,0.153,0.847,0.0,"Andrew McCabe, the former FBI deputy director, was fired late Friday night — on the eve of his retirement. Here’s w… https://t.co/g8NhNgTWtL",30,@NYTimes
-0.5574,Tue Mar 20 15:22:05 +0000 2018,0.175,0.825,0.0,The last male northern white rhino in the world has died. Just 2 northern white rhinos now remain. https://t.co/iGPYGlACEH,31,@NYTimes
0.0,Tue Mar 20 15:19:35 +0000 2018,0.0,1.0,0.0,"Meet Nemo and Mickey, the beagles who hunt bedbugs for NYC's Department of Housing Preservation and Development… https://t.co/6pDggDt2Im",32,@NYTimes
-0.5574,Tue Mar 20 15:12:05 +0000 2018,0.146,0.854,0.0,"""I didn't even know what tuberculosis was,"" one woman said. ""Then my mother died and because nobody in my family ha… https://t.co/H5y5h3iA74",33,@NYTimes
-0.0516,Tue Mar 20 15:02:04 +0000 2018,0.173,0.663,0.163,The Federal Trade Commission is investigating whether Facebook violated an agreement on data privacy https://t.co/WTUVDrck2a,34,@NYTimes
0.5994,Tue Mar 20 15:02:04 +0000 2018,0.0,0.786,0.214,RT @UpshotNYT: What recent special elections can and can't tell us about prospects for Democrats in the 2018 midterms. https://t.co/IvyvHVo…,35,@NYTimes
0.3612,Tue Mar 20 14:52:05 +0000 2018,0.0,0.884,0.116,"New York is getting ready for yet another major snowstorm, just in time for the first day of spring https://t.co/zaiixeU3IV",36,@NYTimes
0.34,Tue Mar 20 14:42:03 +0000 2018,0.0,0.893,0.107,"RT @NYTSports: “This is the real March Madness.” 32 teams, seven days and one shared hotel. It's the @NAIA tournament. https://t.co/jmeABGb…",37,@NYTimes
-0.4767,Tue Mar 20 14:40:08 +0000 2018,0.147,0.853,0.0,"Your daily @DealBook Briefing: 

• Facebook had a terrible day.

• So did Uber.

• Leaders at the G-20 summit are s… https://t.co/pA9s2WtIhM",38,@NYTimes
0.34,Tue Mar 20 14:33:17 +0000 2018,0.161,0.595,0.244,"3 people were injured in a high school shooting in Great Mills, Maryland https://t.co/KhSQHiGmvW",39,@NYTimes
-0.2732,Tue Mar 20 14:32:06 +0000 2018,0.116,0.884,0.0,Nigerian officials had been warned that Boko Haram militants were approaching before 110 schoolgirls were kidnapped… https://t.co/3EzNLJixMI,40,@NYTimes
0.0,Tue Mar 20 14:22:02 +0000 2018,0.0,1.0,0.0,Facebook’s open platform for apps helped it grow. But it has become a privacy nightmare. https://t.co/00Y2uFFUH3,41,@NYTimes
0.0,Tue Mar 20 14:10:31 +0000 2018,0.0,1.0,0.0,"In Opinion 

The Editorial Board writes: Lawmakers and regulators need to force Facebook to quickly identify and al… https://t.co/Tyw2AIc5K2",42,@NYTimes
0.0,Tue Mar 20 14:00:28 +0000 2018,0.0,1.0,0.0,Morning Briefing: Here's what you need to know to start your day https://t.co/SWJ1ymff77 https://t.co/DSPkK8sSdL,43,@NYTimes
-0.4939,Tue Mar 20 13:46:07 +0000 2018,0.151,0.849,0.0,Experts fear that Venezuela is teetering on the brink of a tuberculosis epidemic that could spill over its borders… https://t.co/zqYZEWeISP,44,@NYTimes
0.0,Tue Mar 20 13:30:06 +0000 2018,0.0,1.0,0.0,What we know about the bombings and explosions in Austin and San Antonio https://t.co/TOvCv2aqTe https://t.co/n7sDDSlH8j,45,@NYTimes
0.0,Tue Mar 20 13:17:05 +0000 2018,0.0,1.0,0.0,A package that exploded at a FedEx center near San Antonio was addressed to Austin and was believed to be connected… https://t.co/Vzaq1ejguz,46,@NYTimes
-0.7269,Tue Mar 20 13:00:11 +0000 2018,0.243,0.757,0.0,"""When I deployed to Iraq in 2003, there was no war. We had to start it,"" a former Marine Corps tanker writes https://t.co/RYFCbhplRc",47,@NYTimes
-0.2263,Tue Mar 20 12:45:04 +0000 2018,0.113,0.81,0.077,The Uber car was in autonomous mode with a human safety driver at the wheel but carrying no passengers when it stru… https://t.co/I5FryTdFCz,48,@NYTimes
0.0,Tue Mar 20 12:28:03 +0000 2018,0.0,1.0,0.0,"Education Secretary Betsy DeVos has clashed with staff members over a reorganization plan, which they say she tried… https://t.co/SlIjmhturB",49,@NYTimes
0.0,Tue Mar 20 12:15:08 +0000 2018,0.0,1.0,0.0,"Andrew Cuomo directed the state attorney general to review how the Manhattan district attorney, Cyrus Vance, handle… https://t.co/BHP29AUBm9",50,@NYTimes
0.0,Tue Mar 20 12:00:06 +0000 2018,0.0,1.0,0.0,Morning Briefing: Here's what you need to know to start your day https://t.co/dUPBGiOjj1 https://t.co/vkuvAEbjDz,51,@NYTimes
0.25,Tue Mar 20 11:50:08 +0000 2018,0.0,0.889,0.111,"In Opinion

Op-Ed columnist @michelleinbklyn writes: ""If the Trump campaign had a social media advantage, one reaso… https://t.co/uza16auFHK",52,@NYTimes
0.1451,Tue Mar 20 11:39:04 +0000 2018,0.105,0.765,0.13,"""Thanks to Britain, they've ensured a level of turnout we weren't hoping to achieve by ourselves."" Russia has credi… https://t.co/6vZ9ZGFnhB",53,@NYTimes
0.5809,Tue Mar 20 11:30:07 +0000 2018,0.072,0.701,0.227,"""The company regrets that it cannot undo the damage Harvey Weinstein caused, but hopes that today's events will mar… https://t.co/RAclA0ufYj",54,@NYTimes
0.4754,Tue Mar 20 11:20:08 +0000 2018,0.0,0.808,0.192,A look at how the most powerful man in Russia is staying that way https://t.co/FfeEbyu00E,55,@NYTimes
0.296,Tue Mar 20 11:11:05 +0000 2018,0.0,0.879,0.121,"Steven Mnuchin: ""The objective is not to put tariffs on everybody but to solve the issue"" https://t.co/VErv4gPvSS",56,@NYTimes
0.3818,Tue Mar 20 11:00:04 +0000 2018,0.0,0.885,0.115,"President Trump has weighed aloud in recent days to close associates whether to dismiss his lawyer Ty Cobb, who had… https://t.co/Ca6ekto0ZX",57,@NYTimes
0.4215,Tue Mar 20 10:44:03 +0000 2018,0.0,0.877,0.123,"In Opinion 

Op-Ed contributor Sinan Antoon writes: ""The invasion of Iraq is often spoken of in the United States a… https://t.co/ulyJNeBDLY",58,@NYTimes
0.0,Tue Mar 20 10:36:06 +0000 2018,0.0,1.0,0.0,"Morning Briefing: Here's what you need to know to start your day 
https://t.co/OnA4rHBW9i https://t.co/BAD5GT7f8L",59,@NYTimes
0.0,Tue Mar 20 10:14:01 +0000 2018,0.0,1.0,0.0,RT @nytimesworld: NGOs operate about 40 women's shelters in Afghanistan. The Afghan government is seeking to take financial control of them…,60,@NYTimes
-0.5859,Tue Mar 20 10:00:07 +0000 2018,0.183,0.817,0.0,"Britain's foreign secretary said that Russia's denials of responsibility in the poisoning of a former spy were ""inc… https://t.co/yavwUc9rpH",61,@NYTimes
0.0,Tue Mar 20 09:45:09 +0000 2018,0.0,1.0,0.0,"At a conference on whale biology in 1971, a female attendee was photographed but not identified. Last week, a team… https://t.co/lvcWO61ksG",62,@NYTimes
-0.4939,Tue Mar 20 09:30:14 +0000 2018,0.144,0.856,0.0,"The Weinstein Company said it released anyone ""who suffered or witnessed any form of sexual misconduct by Harvey We… https://t.co/nHS3fvgzBX",63,@NYTimes
0.2732,Tue Mar 20 09:15:06 +0000 2018,0.0,0.851,0.149,British and EU negotiators agreed on the terms of a 21-month Brexit transition https://t.co/VMU82Vx0X2,64,@NYTimes
0.0,Tue Mar 20 09:00:18 +0000 2018,0.0,1.0,0.0,A Facebook executive who urged transparency on Russian disinformation is said to be leaving after clashing with oth… https://t.co/YIe5Pp6zb7,65,@NYTimes
0.2023,Tue Mar 20 08:45:06 +0000 2018,0.0,0.795,0.205,5 important takeaways from China's National People's Congress https://t.co/ktm54IYt4R,66,@NYTimes
0.0,Tue Mar 20 08:30:12 +0000 2018,0.0,1.0,0.0,Videos appear to show individuals casting multiple ballots during Russia's election  https://t.co/CHuJr7GdJ5,67,@NYTimes
0.4939,Tue Mar 20 08:15:04 +0000 2018,0.0,0.792,0.208,Britain's government has raised the possibility that it might consider seizing the assets of wealthy Russians like… https://t.co/eoMrHLRvCZ,68,@NYTimes
-0.5994,Tue Mar 20 08:02:02 +0000 2018,0.205,0.795,0.0,"A U.S. soldier in Niger warned that his unit was ill equipped for a raid on a militant. They were sent anyway, and… https://t.co/c4JMwYfTZf",69,@NYTimes
-0.4215,Tue Mar 20 07:47:03 +0000 2018,0.118,0.882,0.0,RT @nytimesworld: The kidnapping of 110 girls by Boko Haram has left anguished parents asking how such a kidnapping could happen again http…,70,@NYTimes
0.0,Tue Mar 20 07:32:03 +0000 2018,0.0,1.0,0.0,"“Send some girls around to the candidate’s house.”

As part of a monthslong investigation into Cambridge Analytica,… https://t.co/yArOs3bQmM",71,@NYTimes
0.5574,Tue Mar 20 07:17:04 +0000 2018,0.0,0.787,0.213,"RT @ScottShaneNYT: Covering Facebook is a bit like covering the government now, in scale and significance. And @nicoleperlroth @sheeraf can…",72,@NYTimes
0.6124,Tue Mar 20 07:07:42 +0000 2018,0.0,0.615,0.385,How to Enjoy Fine Dining on a Fast Food Budget https://t.co/Zvv75ozqhq,73,@NYTimes
0.0,Tue Mar 20 07:02:05 +0000 2018,0.0,1.0,0.0,"The Australian comic Hannah Gadsby calls out Louis C.K., Harvey Weinstein and Bill Clinton, but her real target is… https://t.co/VlFMTsQZti",74,@NYTimes
0.0,Tue Mar 20 06:33:04 +0000 2018,0.0,1.0,0.0,RT @nytimesworld: President Bashar al-Assad of Syria took a tour of the eastern Ghouta suburb of Damascus after a government military offen…,75,@NYTimes
-0.4404,Tue Mar 20 06:18:45 +0000 2018,0.244,0.756,0.0,Can Wikipedia bear the burden of fact-checking YouTube videos? https://t.co/6vZsPdX5z0,76,@NYTimes
0.4404,Tue Mar 20 06:02:03 +0000 2018,0.0,0.818,0.182,The shopping gems in Belfast's lively city center are the independently owned establishments https://t.co/AwXscJyNqA,77,@NYTimes
0.4588,Tue Mar 20 05:32:05 +0000 2018,0.099,0.705,0.196,"RT @UpshotNYT: New research shows that even black boys who grow up wealthy are more likely to wind up poor than to stay rich.
https://t.co/…",78,@NYTimes
-0.1027,Tue Mar 20 05:02:04 +0000 2018,0.132,0.755,0.113,"Facebook’s chief information security officer, Alex Stamos, is said to have had internal disagreements over how the… https://t.co/bxcrB2UI4o",79,@NYTimes
0.0,Tue Mar 20 04:47:04 +0000 2018,0.0,1.0,0.0,RT @kimseverson: Stuffed ham is a dying art. Or maybe not. Come read about my journey to the land of stuffed ham and decide. https://t.co/9…,80,@NYTimes
0.0,Tue Mar 20 04:32:06 +0000 2018,0.0,1.0,0.0,Facebook’s open platform for third-party apps helped it grow into a juggernaut. But it’s become a privacy nightmare. https://t.co/HUEJOTDUCF,81,@NYTimes
0.4215,Tue Mar 20 04:17:05 +0000 2018,0.0,0.882,0.118,RT @marclacey: Can you believe it’s been six months since Harvey flooded Houston? Here’s a powerful look by @nytvideo at one neighborhood t…,82,@NYTimes
-0.5106,Tue Mar 20 04:02:02 +0000 2018,0.212,0.788,0.0,"As President Trump openly discussed firing one of his lawyers, another considered resigning and a third — who pushe… https://t.co/t6nEelnV6l",83,@NYTimes
-0.5994,Tue Mar 20 03:47:01 +0000 2018,0.224,0.776,0.0,Mississippi has imposed a ban on abortions after 15 weeks. The state's only abortion clinic immediately sued to blo… https://t.co/KqLmc4NspZ,84,@NYTimes
0.0,Tue Mar 20 03:32:03 +0000 2018,0.0,1.0,0.0,RT @kevinroose: New by me: Facebook’s open platform for third-party apps helped it grow into a juggernaut. But it’s become a privacy nightm…,85,@NYTimes
0.2023,Tue Mar 20 03:17:06 +0000 2018,0.175,0.583,0.242,4 easy ways to cut down your sugar intake https://t.co/rRf9xm6WHS,86,@NYTimes
-0.34,Tue Mar 20 03:02:05 +0000 2018,0.098,0.902,0.0,RT @nytmike: Dowd wants to quit. Trump’s talking about firing Cobb. Another lawyer — who says FBI made up evidence against Trump — was hire…,87,@NYTimes
-0.2023,Tue Mar 20 02:47:07 +0000 2018,0.087,0.913,0.0,"The brother of Nikolas Cruz was charged with trespassing at Marjory Stoneman Douglas High School on Monday, the aut… https://t.co/h0o2gTJ7HO",88,@NYTimes
0.0,Tue Mar 20 02:32:04 +0000 2018,0.0,1.0,0.0,"Audit your Facebook apps, audit your Facebook privacy settings, and 5 other tips for protecting your data on Facebo… https://t.co/t87b7WJjZH",89,@NYTimes
0.0,Tue Mar 20 02:17:06 +0000 2018,0.0,1.0,0.0,"Claire’s, the teen jewelry chain known for its ear-piercing services, filed for Chapter 11 bankruptcy protection https://t.co/mn4hvSQjkf",90,@NYTimes
-0.6369,Tue Mar 20 02:02:02 +0000 2018,0.346,0.512,0.142,The Supreme Court rejected an emergency request from Pennsylvania Republicans to block new congressional voting dis… https://t.co/DeLYEPkfdu,91,@NYTimes
0.128,Tue Mar 20 01:47:04 +0000 2018,0.076,0.83,0.094,RT @sheeraf: To be clear: We spoke to seven current and former Facebook employees for this story on how internal disputes over FB's role in…,92,@NYTimes
-0.5994,Tue Mar 20 01:32:03 +0000 2018,0.205,0.795,0.0,"A U.S. soldier in Niger warned that his unit was ill equipped for a raid on a militant. They were sent anyway, and… https://t.co/0U7C8aSiyP",93,@NYTimes
0.0,Tue Mar 20 01:17:03 +0000 2018,0.0,1.0,0.0,Evening Briefing: Here's what you need to know at the end of the day https://t.co/HYYSMwnO4R,94,@NYTimes
0.2732,Tue Mar 20 01:00:19 +0000 2018,0.0,0.896,0.104,"After we published an article on tipping and the power imbalance it creates between customers and servers, readers… https://t.co/LJx3uSo2dF",95,@NYTimes
-0.296,Tue Mar 20 00:48:11 +0000 2018,0.152,0.781,0.066,"RT @sheeraf: Full story now up. Alex Stamos is the first Facebook executive to leave the company, amid growing internal tensions over disin…",96,@NYTimes
0.0,Tue Mar 20 00:32:02 +0000 2018,0.0,1.0,0.0,"At a conference on whale biology in 1971, a female attendee was photographed but not identified. Last week, a team… https://t.co/BfdgD7NSnJ",97,@NYTimes
0.0,Tue Mar 20 00:17:03 +0000 2018,0.0,1.0,0.0,"RT @nytopinion: Despite Facebook’s claims, everyone involved in the Cambridge Analytica data-siphoning incident did not give his or her “co…",98,@NYTimes
0.0,Tue Mar 20 00:02:05 +0000 2018,0.0,1.0,0.0,Mary Outerbridge set up a tennis court in Staten Island in her 20s. It may have been the first in the U.S. https://t.co/MrVl8V3Mll,99,@NYTimes
